# x_m,y_m,w_tr_right_m,w_tr_left_m
-10.5500,1.2500,0.9341,0.9341
-10.5000,1.2500,0.9487,0.9487
-10.4500,1.2500,0.9341,0.9341
-10.4000,1.2000,0.9341,0.9341
-10.3500,1.2000,0.9487,0.9487
-10.3000,1.2000,0.9341,0.9341
-10.2500,1.1500,0.9341,0.9341
-10.2000,1.1500,0.9487,0.9487
-10.1500,1.1500,0.9341,0.9341
-10.1000,1.1000,0.9220,0.9220
-10.0500,1.1000,0.9341,0.9341
-10.0000,1.1000,0.9341,0.9341
-9.9500,1.0500,0.9192,0.9192
-9.9000,1.0500,0.9394,0.9394
-9.8500,1.0500,0.9341,0.9341
-9.8000,1.0000,0.9220,0.9220
-9.7500,1.0000,0.9341,0.9341
-9.7000,1.0000,0.9341,0.9341
-9.6500,0.9500,0.9192,0.9192
-9.6000,0.9500,0.9394,0.9394
-9.5500,0.9500,0.9341,0.9341
-9.5000,0.9000,0.9434,0.9434
-9.4500,0.9000,0.9487,0.9487
-9.4000,0.9000,0.9341,0.9341
-9.3500,0.8500,0.9657,0.9657
-9.3000,0.8500,0.9487,0.9487
-9.2500,0.8000,0.9708,0.9708
-9.2000,0.8000,0.9657,0.9657
-9.1500,0.7500,0.9487,0.9487
-9.1000,0.7500,0.9657,0.9657
-9.0500,0.7500,0.9657,0.9657
-9.0000,0.7000,0.9618,0.9618
-8.9500,0.7000,0.9708,0.9708
-8.9000,0.7000,0.9708,0.9708
-8.8500,0.6500,0.9487,0.9487
-8.8000,0.6500,0.9657,0.9657
-8.7500,0.6500,0.9849,0.9849
-8.7000,0.6500,0.9657,0.9657
-8.6500,0.6500,0.9487,0.9487
-8.6000,0.6000,0.9513,0.9513
-8.5500,0.6000,0.9552,0.9552
-8.5000,0.5500,0.9124,0.9124
-8.4500,0.5500,0.9220,0.9220
-8.4000,0.5500,0.9341,0.9341
-8.3500,0.5500,0.9487,0.9487
-8.3000,0.5500,0.9657,0.9657
-8.2500,0.5000,0.9341,0.9341
-8.2000,0.5000,0.9487,0.9487
-8.1500,0.5000,0.9657,0.9657
-8.1000,0.4500,0.9341,0.9341
-8.0500,0.4500,0.9487,0.9487
-8.0000,0.4500,0.9657,0.9657
-7.9500,0.4000,0.9341,0.9341
-7.9000,0.4000,0.9487,0.9487
-7.8500,0.3500,0.9192,0.9192
-7.8000,0.3500,0.9341,0.9341
-7.7500,0.3500,0.9394,0.9394
-7.7000,0.3000,0.9192,0.9192
-7.6500,0.3000,0.9341,0.9341
-7.6000,0.2500,0.9014,0.9014
-7.5500,0.2500,0.9192,0.9192
-7.5000,0.2500,0.9341,0.9341
-7.4500,0.2000,0.9014,0.9014
-7.4000,0.2000,0.9192,0.9192
-7.3500,0.2000,0.9192,0.9192
-7.3000,0.1500,0.9014,0.9014
-7.2500,0.1500,0.9192,0.9192
-7.2000,0.1500,0.9220,0.9220
-7.1500,0.1000,0.9179,0.9179
-7.1000,0.1000,0.9394,0.9394
-7.0500,0.1000,0.9341,0.9341
-7.0000,0.1000,0.9192,0.9192
-6.9500,0.1000,0.9014,0.9014
-6.9000,0.0500,0.9341,0.9341
-6.8500,0.0500,0.9220,0.9220
-6.8000,0.0500,0.9124,0.9124
-6.7500,0.0000,0.9552,0.9552
-6.7000,0.0000,0.9513,0.9513
-6.6500,-0.0500,0.9823,0.9823
-6.6000,-0.0500,0.9962,0.9962
-6.5500,-0.1000,0.9657,0.9657
-6.5000,-0.1000,0.9823,0.9823
-6.4500,-0.1000,0.9962,0.9962
-6.4000,-0.1500,0.9657,0.9657
-6.3500,-0.1500,0.9823,0.9823
-6.3000,-0.2000,0.9487,0.9487
-6.2500,-0.2000,0.9500,0.9500
-6.2000,-0.2000,0.9513,0.9513
-6.1500,-0.2500,0.9055,0.9055
-6.1000,-0.2500,0.9124,0.9124
-6.0500,-0.2500,0.9220,0.9220
-6.0000,-0.3000,0.8860,0.8860
-5.9500,-0.3000,0.9014,0.9014
-5.9000,-0.3000,0.9192,0.9192
-5.8500,-0.3000,0.9341,0.9341
-5.8000,-0.3000,0.9341,0.9341
-5.7500,-0.3500,0.9192,0.9192
-5.7000,-0.3500,0.9341,0.9341
-5.6500,-0.3500,0.9341,0.9341
-5.6000,-0.4000,0.9192,0.9192
-5.5500,-0.4000,0.9341,0.9341
-5.5000,-0.4500,0.9014,0.9014
-5.4500,-0.4500,0.9192,0.9192
-5.4000,-0.4500,0.9341,0.9341
-5.3500,-0.4500,0.9192,0.9192
-5.3000,-0.5000,0.9192,0.9192
-5.2500,-0.5000,0.9341,0.9341
-5.2000,-0.5000,0.9220,0.9220
-5.1500,-0.5500,0.9124,0.9124
-5.1000,-0.5500,0.9220,0.9220
-5.0500,-0.5500,0.9341,0.9341
-5.0000,-0.6000,0.9014,0.9014
-4.9500,-0.6000,0.9124,0.9124
-4.9000,-0.6500,0.8732,0.8732
-4.8500,-0.6500,0.8860,0.8860
-4.8000,-0.6500,0.9014,0.9014
-4.7500,-0.6500,0.9192,0.9192
-4.7000,-0.7000,0.8860,0.8860
-4.6500,-0.7000,0.9014,0.9014
-4.6000,-0.7000,0.9192,0.9192
-4.5500,-0.7000,0.9124,0.9124
-4.5000,-0.7500,0.9179,0.9179
-4.4500,-0.7500,0.9341,0.9341
-4.4000,-0.7500,0.9192,0.9192
-4.3500,-0.8000,0.9192,0.9192
-4.3000,-0.8000,0.9341,0.9341
-4.2500,-0.8000,0.9192,0.9192
-4.2000,-0.8500,0.9192,0.9192
-4.1500,-0.8500,0.9341,0.9341
-4.1000,-0.8500,0.9220,0.9220
-4.0500,-0.9000,0.9192,0.9192
-4.0000,-0.9000,0.9341,0.9341
-3.9500,-0.9000,0.9341,0.9341
-3.9000,-0.9500,0.9192,0.9192
-3.8500,-0.9500,0.9341,0.9341
-3.8000,-0.9500,0.9341,0.9341
-3.7500,-1.0000,0.9192,0.9192
-3.7000,-1.0000,0.9341,0.9341
-3.6500,-1.0000,0.9341,0.9341
-3.6000,-1.0500,0.9192,0.9192
-3.5500,-1.0500,0.9341,0.9341
-3.5000,-1.0500,0.9341,0.9341
-3.4500,-1.1000,0.9192,0.9192
-3.4000,-1.1000,0.9341,0.9341
-3.3500,-1.1000,0.9341,0.9341
-3.3000,-1.1500,0.9192,0.9192
-3.2500,-1.1500,0.9394,0.9394
-3.2000,-1.1500,0.9341,0.9341
-3.1500,-1.2000,0.9220,0.9220
-3.1000,-1.2000,0.9341,0.9341
-3.0500,-1.2000,0.9341,0.9341
-3.0000,-1.2500,0.9192,0.9192
-2.9500,-1.2500,0.9341,0.9341
-2.9000,-1.2500,0.9341,0.9341
-2.8500,-1.3000,0.9124,0.9124
-2.8000,-1.3000,0.9220,0.9220
-2.7500,-1.3000,0.9341,0.9341
-2.7000,-1.3500,0.9014,0.9014
-2.6500,-1.3500,0.9055,0.9055
-2.6000,-1.3500,0.9124,0.9124
-2.5500,-1.4000,0.8732,0.8732
-2.5000,-1.4000,0.8860,0.8860
-2.4500,-1.4000,0.9014,0.9014
-2.4000,-1.4000,0.9124,0.9124
-2.3500,-1.4500,0.8732,0.8732
-2.3000,-1.4500,0.8860,0.8860
-2.2500,-1.4500,0.9014,0.9014
-2.2000,-1.5000,0.8732,0.8732
-2.1500,-1.5000,0.8944,0.8944
-2.1000,-1.5000,0.9179,0.9179
-2.0500,-1.5000,0.9014,0.9014
-2.0000,-1.5500,0.9014,0.9014
-1.9500,-1.5500,0.9192,0.9192
-1.9000,-1.5500,0.9014,0.9014
-1.8500,-1.6000,0.9179,0.9179
-1.8000,-1.6000,0.9220,0.9220
-1.7500,-1.6000,0.9124,0.9124
-1.7000,-1.6500,0.9220,0.9220
-1.6500,-1.6500,0.9341,0.9341
-1.6000,-1.7000,0.9014,0.9014
-1.5500,-1.7000,0.9192,0.9192
-1.5000,-1.7500,0.8944,0.8944
-1.4500,-1.7500,0.9179,0.9179
-1.4000,-1.7500,0.9192,0.9192
-1.3500,-1.7500,0.9014,0.9014
-1.3000,-1.8000,0.9192,0.9192
-1.2500,-1.8000,0.9220,0.9220
-1.2000,-1.8000,0.9124,0.9124
-1.1500,-1.8500,0.9192,0.9192
-1.1000,-1.8500,0.9341,0.9341
-1.0500,-1.9000,0.9014,0.9014
-1.0000,-1.9000,0.9192,0.9192
-0.9500,-1.9000,0.9341,0.9341
-0.9000,-1.9000,0.9192,0.9192
-0.8500,-1.9500,0.9192,0.9192
-0.8000,-1.9500,0.9341,0.9341
-0.7500,-1.9500,0.9220,0.9220
-0.7000,-2.0000,0.9192,0.9192
-0.6500,-2.0000,0.9341,0.9341
-0.6000,-2.0500,0.9014,0.9014
-0.5500,-2.0500,0.9192,0.9192
-0.5000,-2.0500,0.9341,0.9341
-0.4500,-2.0500,0.9192,0.9192
-0.4000,-2.1000,0.9124,0.9124
-0.3500,-2.1000,0.9220,0.9220
-0.3000,-2.1000,0.9220,0.9220
-0.2500,-2.1500,0.9014,0.9014
-0.2000,-2.1500,0.9192,0.9192
-0.1500,-2.1500,0.9341,0.9341
-0.1000,-2.2000,0.9179,0.9179
-0.0500,-2.2000,0.9341,0.9341
0.0000,-2.2000,0.9341,0.9341
0.0500,-2.2500,0.9124,0.9124
0.1000,-2.2500,0.9220,0.9220
0.1500,-2.2500,0.9341,0.9341
0.2000,-2.3000,0.9014,0.9014
0.2500,-2.3000,0.9192,0.9192
0.3000,-2.3000,0.9341,0.9341
0.3500,-2.3500,0.9179,0.9179
0.4000,-2.3500,0.9341,0.9341
0.4500,-2.3500,0.9341,0.9341
0.5000,-2.4000,0.9124,0.9124
0.5500,-2.4000,0.9220,0.9220
0.6000,-2.4000,0.9341,0.9341
0.6500,-2.4500,0.9014,0.9014
0.7000,-2.4500,0.9192,0.9192
0.7500,-2.4500,0.9341,0.9341
0.8000,-2.5000,0.9014,0.9014
0.8500,-2.5000,0.9192,0.9192
0.9000,-2.5000,0.9341,0.9341
0.9500,-2.5500,0.9124,0.9124
1.0000,-2.5500,0.9220,0.9220
1.0500,-2.5500,0.9192,0.9192
1.1000,-2.6000,0.9014,0.9014
1.1500,-2.6000,0.9192,0.9192
1.2000,-2.6000,0.9220,0.9220
1.2500,-2.6500,0.9014,0.9014
1.3000,-2.6500,0.9192,0.9192
1.3500,-2.6500,0.9341,0.9341
1.4000,-2.7000,0.9014,0.9014
1.4500,-2.7000,0.9192,0.9192
1.5000,-2.7000,0.9341,0.9341
1.5500,-2.7500,0.9014,0.9014
1.6000,-2.7500,0.9192,0.9192
1.6500,-2.7500,0.9341,0.9341
1.7000,-2.8000,0.9014,0.9014
1.7500,-2.8000,0.9192,0.9192
1.8000,-2.8000,0.9341,0.9341
1.8500,-2.8500,0.9014,0.9014
1.9000,-2.8500,0.9192,0.9192
1.9500,-2.8500,0.9341,0.9341
2.0000,-2.9000,0.9014,0.9014
2.0500,-2.9000,0.9192,0.9192
2.1000,-2.9500,0.8860,0.8860
2.1500,-2.9500,0.9014,0.9014
2.2000,-3.0000,0.8732,0.8732
2.2500,-3.0000,0.8860,0.8860
2.3000,-3.0000,0.8944,0.8944
2.3500,-3.0500,0.8732,0.8732
2.4000,-3.0500,0.8860,0.8860
2.4500,-3.0500,0.8860,0.8860
2.5000,-3.1000,0.8732,0.8732
2.5500,-3.1000,0.8860,0.8860
2.6000,-3.1000,0.8732,0.8732
2.6500,-3.1000,0.8544,0.8544
2.7000,-3.1500,0.8860,0.8860
2.7500,-3.1500,0.8732,0.8732
2.8000,-3.1500,0.8631,0.8631
2.8500,-3.2000,0.8860,0.8860
2.9000,-3.2000,0.9014,0.9014
2.9500,-3.2000,0.8860,0.8860
3.0000,-3.2000,0.8732,0.8732
3.0500,-3.2500,0.9014,0.9014
3.1000,-3.2500,0.9055,0.9055
3.1500,-3.2500,0.9014,0.9014
3.2000,-3.3000,0.8860,0.8860
3.2500,-3.3000,0.9014,0.9014
3.3000,-3.3000,0.9014,0.9014
3.3500,-3.3000,0.9000,0.9000
3.4000,-3.3000,0.9000,0.9000
3.4500,-3.3000,0.8860,0.8860
3.5000,-3.3000,0.8732,0.8732
3.5500,-3.3500,0.8500,0.8500
3.6000,-3.3500,0.8500,0.8500
3.6500,-3.3500,0.8500,0.8500
3.7000,-3.3500,0.8515,0.8515
3.7500,-3.3500,0.8559,0.8559
3.8000,-3.3500,0.8631,0.8631
3.8500,-3.3500,0.8732,0.8732
3.9000,-3.3500,0.8860,0.8860
3.9500,-3.3500,0.9000,0.9000
4.0000,-3.3500,0.9000,0.9000
4.0500,-3.3500,0.9014,0.9014
4.1000,-3.3500,0.9055,0.9055
4.1500,-3.3500,0.9124,0.9124
4.2000,-3.3500,0.9220,0.9220
4.2500,-3.3500,0.9341,0.9341
4.3000,-3.3500,0.9487,0.9487
4.3500,-3.3500,0.9500,0.9500
4.4000,-3.3500,0.9500,0.9500
4.4500,-3.3500,0.9500,0.9500
4.5000,-3.4000,1.0000,1.0000
4.5500,-3.4000,1.0000,1.0000
4.6000,-3.4000,1.0012,1.0012
4.6500,-3.4000,1.0050,1.0050
4.7000,-3.4000,1.0112,1.0112
4.7500,-3.4000,1.0198,1.0198
4.8000,-3.4000,1.0308,1.0308
4.8500,-3.4000,1.0440,1.0440
4.9000,-3.4500,1.1000,1.1000
4.9500,-3.4500,1.1000,1.1000
5.0000,-3.4500,1.1000,1.1000
5.0500,-3.4500,1.1011,1.1011
5.1000,-3.4500,1.1045,1.1045
5.1500,-3.4500,1.1102,1.1102
5.2000,-3.4500,1.1180,1.1180
5.2500,-3.4500,1.1281,1.1281
5.3000,-3.4500,1.1402,1.1402
5.3500,-3.4500,1.1543,1.1543
5.4000,-3.4500,1.1673,1.1673
5.4500,-3.4500,1.1769,1.1769
5.5000,-3.4500,1.1885,1.1885
5.5500,-3.4500,1.2000,1.2000
5.6000,-3.4500,1.1885,1.1885
5.6500,-3.4500,1.1769,1.1769
5.7000,-3.4500,1.1673,1.1673
5.7500,-3.4500,1.1597,1.1597
5.8000,-3.4500,1.1543,1.1543
5.8500,-3.4000,1.2010,1.2010
5.9000,-3.4000,1.2000,1.2000
5.9500,-3.4000,1.2000,1.2000
6.0000,-3.3500,1.2500,1.2500
6.0500,-3.3500,1.2369,1.2369
6.1000,-3.3500,1.2258,1.2258
6.1500,-3.3500,1.2166,1.2166
6.2000,-3.3000,1.2590,1.2590
6.2500,-3.3000,1.2500,1.2500
6.3000,-3.2500,1.2816,1.2816
6.3500,-3.2500,1.2649,1.2649
6.4000,-3.2500,1.2500,1.2500
6.4500,-3.2000,1.2855,1.2855
6.5000,-3.2000,1.2748,1.2748
6.5500,-3.1500,1.2981,1.2981
6.6000,-3.1500,1.3086,1.3086
6.6500,-3.1000,1.2748,1.2748
6.7000,-3.1000,1.2855,1.2855
6.7500,-3.1000,1.2981,1.2981
6.8000,-3.0500,1.2649,1.2649
6.8500,-3.0500,1.2816,1.2816
6.9000,-3.0500,1.2981,1.2981
6.9500,-3.0500,1.3000,1.3000
7.0000,-3.0000,1.2816,1.2816
7.0500,-3.0000,1.2981,1.2981
7.1000,-3.0000,1.2971,1.2971
7.1500,-2.9500,1.2816,1.2816
7.2000,-2.9500,1.3000,1.3000
7.2500,-2.9500,1.2816,1.2816
7.3000,-2.9000,1.2971,1.2971
7.3500,-2.9000,1.2971,1.2971
7.4000,-2.8500,1.2971,1.2971
7.4500,-2.8500,1.3000,1.3000
7.5000,-2.8500,1.2816,1.2816
7.5500,-2.8000,1.3124,1.3124
7.6000,-2.8000,1.2971,1.2971
7.6500,-2.8000,1.2748,1.2748
7.7000,-2.7500,1.3000,1.3000
7.7500,-2.7000,1.3285,1.3285
7.8000,-2.7000,1.3124,1.3124
7.8500,-2.6500,1.3285,1.3285
7.9000,-2.6500,1.3285,1.3285
7.9500,-2.6000,1.3200,1.3200
8.0000,-2.6000,1.3314,1.3314
8.0500,-2.5500,1.3200,1.3200
8.1000,-2.5500,1.3210,1.3210
8.1500,-2.5500,1.2971,1.2971
8.2000,-2.5000,1.3200,1.3200
8.2500,-2.5000,1.3000,1.3000
8.3000,-2.4500,1.3285,1.3285
8.3500,-2.4000,1.3200,1.3200
8.4000,-2.4000,1.3416,1.3416
8.4500,-2.3500,1.3200,1.3200
8.5000,-2.3500,1.3416,1.3416
8.5500,-2.3000,1.3200,1.3200
8.6000,-2.2500,1.2971,1.2971
8.6500,-2.2500,1.3200,1.3200
8.7000,-2.2000,1.2971,1.2971
8.7500,-2.1500,1.2748,1.2748
8.8000,-2.1000,1.2530,1.2530
8.8500,-2.1000,1.2748,1.2748
8.9000,-2.0500,1.2530,1.2530
8.9500,-2.0000,1.2349,1.2349
9.0000,-2.0000,1.2619,1.2619
9.0500,-1.9500,1.2500,1.2500
9.1000,-1.9000,1.2349,1.2349
9.1500,-1.8500,1.2207,1.2207
9.2000,-1.8500,1.2379,1.2379
9.2500,-1.8000,1.2349,1.2349
9.3000,-1.7500,1.2207,1.2207
9.3500,-1.7000,1.2093,1.2093
9.4000,-1.7000,1.2349,1.2349
9.4500,-1.6500,1.2207,1.2207
9.5000,-1.6000,1.2104,1.2104
9.5500,-1.5500,1.2042,1.2042
9.6000,-1.5000,1.2021,1.2021
9.6500,-1.4500,1.1927,1.1927
9.7000,-1.4500,1.2021,1.2021
9.7500,-1.4000,1.2021,1.2021
9.8000,-1.3500,1.1927,1.1927
9.8500,-1.3000,1.1800,1.1800
9.9000,-1.2500,1.1715,1.1715
9.9500,-1.2000,1.1673,1.1673
10.0000,-1.1500,1.1630,1.1630
10.0500,-1.1000,1.1402,1.1402
10.1000,-1.0500,1.1068,1.1068
10.1500,-1.0000,1.0770,1.0770
10.2000,-0.9500,1.0512,1.0512
10.2500,-0.9000,1.0296,1.0296
10.2500,-0.8500,1.0440,1.0440
10.3000,-0.8000,1.0112,1.0112
10.3000,-0.7500,1.0198,1.0198
10.3500,-0.7000,0.9823,0.9823
10.3500,-0.6500,0.9962,0.9962
10.4000,-0.6000,0.9657,0.9657
10.4500,-0.5500,0.9341,0.9341
10.4500,-0.5000,0.9487,0.9487
10.4500,-0.4500,0.9552,0.9552
10.5000,-0.4000,0.9124,0.9124
10.5500,-0.3500,0.8732,0.8732
10.5500,-0.3000,0.8860,0.8860
10.6000,-0.2500,0.8544,0.8544
10.6000,-0.2000,0.8631,0.8631
10.6000,-0.1500,0.8732,0.8732
10.6000,-0.1000,0.8746,0.8746
10.6500,-0.0500,0.8544,0.8544
10.6500,0.0000,0.8732,0.8732
10.6500,0.0500,0.8500,0.8500
10.7000,0.1000,0.8500,0.8500
10.7000,0.1500,0.8500,0.8500
10.7500,0.2000,0.8000,0.8000
10.7500,0.2500,0.8000,0.8000
10.7500,0.3000,0.8016,0.8016
10.8000,0.3500,0.7566,0.7566
10.8000,0.4000,0.7649,0.7649
10.8000,0.4500,0.7762,0.7762
10.8000,0.5000,0.7906,0.7906
10.8000,0.5500,0.7906,0.7906
10.8000,0.6000,0.7762,0.7762
10.8000,0.6500,0.7649,0.7649
10.8500,0.7000,0.8062,0.8062
10.8500,0.7500,0.7906,0.7906
10.8500,0.8000,0.7762,0.7762
10.9000,0.8500,0.8139,0.8139
10.9000,0.9000,0.8062,0.8062
10.9500,0.9500,0.7906,0.7906
10.9500,1.0000,0.8078,0.8078
10.9500,1.0500,0.8078,0.8078
10.9500,1.1000,0.7906,0.7906
11.0000,1.1500,0.8246,0.8246
11.0000,1.2000,0.8078,0.8078
11.0000,1.2500,0.7906,0.7906
11.0000,1.3000,0.7762,0.7762
11.0500,1.3500,0.8139,0.8139
11.0500,1.4000,0.8062,0.8062
11.0500,1.4500,0.8016,0.8016
11.1000,1.5000,0.8500,0.8500
11.1000,1.5500,0.8382,0.8382
11.1500,1.6000,0.8732,0.8732
11.2000,1.6500,0.8732,0.8732
11.2000,1.7000,0.8732,0.8732
11.2500,1.7500,0.8746,0.8746
11.2500,1.8000,0.8732,0.8732
11.3000,1.8500,0.8902,0.8902
11.3000,1.9000,0.8732,0.8732
11.3500,1.9500,0.8902,0.8902
11.4000,2.0000,0.9014,0.9014
11.4000,2.0500,0.8746,0.8746
11.4500,2.1000,0.8944,0.8944
11.5000,2.1500,0.9179,0.9179
11.5500,2.2000,0.9394,0.9394
11.5500,2.2500,0.9179,0.9179
11.6000,2.3000,0.9394,0.9394
11.6000,2.3500,0.9179,0.9179
11.6500,2.4000,0.9394,0.9394
11.7000,2.4500,0.9605,0.9605
11.7000,2.5000,0.9394,0.9394
11.7500,2.5500,0.9618,0.9618
11.7500,2.6000,0.9394,0.9394
11.8000,2.6500,0.9618,0.9618
11.8500,2.7000,0.9849,0.9849
11.8500,2.7500,0.9657,0.9657
11.9000,2.8000,0.9962,0.9962
11.9000,2.8500,0.9823,0.9823
11.9500,2.9000,1.0124,1.0124
11.9500,2.9500,0.9962,0.9962
12.0000,3.0000,1.0308,1.0308
12.0500,3.0500,1.0548,1.0548
12.0500,3.1000,1.0296,1.0296
12.0500,3.1500,1.0062,1.0062
12.1000,3.2000,1.0308,1.0308
12.1000,3.2500,1.0124,1.0124
12.1500,3.3000,1.0440,1.0440
12.1500,3.3500,1.0308,1.0308
12.2000,3.4000,1.0689,1.0689
12.2500,3.4500,1.1102,1.1102
12.3000,3.5000,1.1543,1.1543
12.3500,3.5500,1.2010,1.2010
12.4000,3.6000,1.2500,1.2500
12.4000,3.6500,1.2207,1.2207
12.4500,3.7000,1.2349,1.2349
12.5000,3.7500,1.2530,1.2530
12.5500,3.8000,1.2748,1.2748
12.6000,3.8500,1.2903,1.2903
12.6500,3.9000,1.3038,1.3038
12.7000,3.9500,1.3200,1.3200
12.7500,4.0000,1.3314,1.3314
12.7500,4.0500,1.3038,1.3038
12.8000,4.1000,1.3200,1.3200
12.8500,4.1500,1.3314,1.3314
12.9000,4.2000,1.3463,1.3463
12.9500,4.2500,1.3647,1.3647
12.9500,4.3000,1.3416,1.3416
13.0000,4.3500,1.3647,1.3647
13.0000,4.4000,1.3416,1.3416
13.0500,4.4500,1.3647,1.3647
13.1000,4.5000,1.3865,1.3865
13.1000,4.5500,1.3647,1.3647
13.1500,4.6000,1.3865,1.3865
13.1500,4.6500,1.3647,1.3647
13.2000,4.7000,1.3865,1.3865
13.2000,4.7500,1.3647,1.3647
13.2500,4.8000,1.3865,1.3865
13.2500,4.8500,1.3657,1.3657
13.3000,4.9000,1.3928,1.3928
13.3000,4.9500,1.3757,1.3757
13.3500,5.0000,1.4080,1.4080
13.4000,5.0500,1.4396,1.4396
13.4000,5.1000,1.4230,1.4230
13.4500,5.1500,1.4560,1.4560
13.5000,5.2000,1.4841,1.4841
13.5000,5.2500,1.4577,1.4577
13.5500,5.3000,1.4705,1.4705
13.6000,5.3500,1.4841,1.4841
13.6000,5.4000,1.4577,1.4577
13.6500,5.4500,1.4765,1.4765
13.7000,5.5000,1.4983,1.4983
13.7000,5.5500,1.4765,1.4765
13.7500,5.6000,1.4983,1.4983
13.7500,5.6500,1.4765,1.4765
13.8000,5.7000,1.4983,1.4983
13.8500,5.7500,1.5207,1.5207
13.9000,5.8000,1.5435,1.5435
13.9000,5.8500,1.5207,1.5207
13.9500,5.9000,1.5435,1.5435
13.9500,5.9500,1.5207,1.5207
14.0000,6.0000,1.5435,1.5435
14.0500,6.0500,1.5652,1.5652
14.1000,6.1000,1.5882,1.5882
14.1500,6.1500,1.6101,1.6101
14.1500,6.2000,1.5882,1.5882
14.2000,6.2500,1.6101,1.6101
14.2500,6.3000,1.6325,1.6325
14.3000,6.3500,1.6553,1.6553
14.3000,6.4000,1.6325,1.6325
14.3500,6.4500,1.6553,1.6553
14.4000,6.5000,1.6771,1.6771
14.4000,6.5500,1.6553,1.6553
14.4500,6.6000,1.6711,1.6711
14.5000,6.6500,1.6800,1.6800
14.5500,6.7000,1.6800,1.6800
14.5500,6.7500,1.6643,1.6643
14.6000,6.8000,1.6808,1.6808
14.6500,6.8500,1.6800,1.6800
14.6500,6.9000,1.6771,1.6771
14.7000,6.9500,1.6919,1.6919
14.7500,7.0000,1.6800,1.6800
14.7500,7.0500,1.6711,1.6711
14.8000,7.1000,1.6800,1.6800
14.8500,7.1500,1.6800,1.6800
14.9000,7.2000,1.6711,1.6711
14.9000,7.2500,1.6800,1.6800
14.9500,7.3000,1.6919,1.6919
15.0000,7.3500,1.6971,1.6971
15.0500,7.4000,1.6771,1.6771
15.1000,7.4500,1.6560,1.6560
15.1000,7.5000,1.6800,1.6800
15.1500,7.5500,1.6643,1.6643
15.2000,7.6000,1.6508,1.6508
15.2500,7.6500,1.6401,1.6401
15.2500,7.7000,1.6621,1.6621
15.3000,7.7500,1.6651,1.6651
15.3000,7.8000,1.6325,1.6325
15.3500,7.8500,1.6401,1.6401
15.4000,7.9000,1.6508,1.6508
15.4500,7.9500,1.6643,1.6643
15.5000,8.0000,1.6808,1.6808
15.5500,8.0500,1.6971,1.6971
15.6000,8.1000,1.6985,1.6985
15.6500,8.1500,1.6919,1.6919
15.7000,8.2000,1.6763,1.6763
15.7000,8.2500,1.6919,1.6919
15.7500,8.3000,1.6500,1.6500
15.8000,8.3500,1.6008,1.6008
15.8500,8.4000,1.5532,1.5532
15.9000,8.4500,1.5075,1.5075
15.9500,8.5000,1.4637,1.4637
16.0000,8.5500,1.4221,1.4221
16.0500,8.6000,1.3829,1.3829
16.1000,8.6500,1.3463,1.3463
16.1000,8.7000,1.3601,1.3601
16.1500,8.7500,1.3285,1.3285
16.2000,8.8000,1.3000,1.3000
16.2000,8.8500,1.3200,1.3200
16.2500,8.9000,1.2971,1.2971
16.2500,8.9500,1.3210,1.3210
16.2500,9.0000,1.3463,1.3463
16.3000,9.0500,1.3314,1.3314
16.3000,9.1000,1.3601,1.3601
16.3500,9.1500,1.3509,1.3509
16.4000,9.2000,1.3454,1.3454
16.4500,9.2500,1.3435,1.3435
16.5000,9.3000,1.3454,1.3454
16.5500,9.3500,1.3463,1.3463
16.6000,9.4000,1.3314,1.3314
16.6500,9.4500,1.3200,1.3200
16.6500,9.5000,1.3314,1.3314
16.7000,9.5500,1.3200,1.3200
16.7500,9.6000,1.2971,1.2971
16.8000,9.6500,1.2649,1.2649
16.8500,9.7000,1.2349,1.2349
16.9000,9.7500,1.2000,1.2000
16.9500,9.8000,1.1500,1.1500
17.0000,9.8500,1.1000,1.1000
17.0000,9.9000,1.1000,1.1000
17.0500,9.9500,1.0500,1.0500
17.0500,10.0000,1.0500,1.0500
17.1000,10.0500,1.0012,1.0012
17.1500,10.1000,0.9552,0.9552
17.1500,10.1500,0.9618,0.9618
17.1500,10.2000,0.9708,0.9708
17.2000,10.2500,0.9341,0.9341
17.2000,10.3000,0.9487,0.9487
17.2500,10.3500,0.9000,0.9000
17.2500,10.4000,0.9014,0.9014
17.3000,10.4500,0.8559,0.8559
17.3000,10.5000,0.8631,0.8631
17.3500,10.5500,0.8246,0.8246
17.4000,10.6000,0.7906,0.7906
17.4000,10.6500,0.8078,0.8078
17.4000,10.7000,0.8246,0.8246
17.4000,10.7500,0.8201,0.8201
17.4500,10.8000,0.8078,0.8078
17.4500,10.8500,0.8062,0.8062
17.5000,10.9000,0.8062,0.8062
17.5500,10.9500,0.7826,0.7826
17.5500,11.0000,0.8062,0.8062
17.6000,11.0500,0.7826,0.7826
17.6500,11.1000,0.7616,0.7616
17.6500,11.1500,0.7778,0.7778
17.7000,11.2000,0.7616,0.7616
17.7000,11.2500,0.7500,0.7500
17.7500,11.3000,0.7433,0.7433
17.7500,11.3500,0.7382,0.7382
17.7500,11.4000,0.7159,0.7159
17.8000,11.4500,0.7433,0.7433
17.8000,11.5000,0.7280,0.7280
17.8000,11.5500,0.7159,0.7159
17.8500,11.6000,0.7433,0.7433
17.8500,11.6500,0.7517,0.7517
17.8500,11.7000,0.7500,0.7500
17.8500,11.7500,0.7433,0.7433
17.8500,11.8000,0.7280,0.7280
17.8500,11.8500,0.7159,0.7159
17.9000,11.9000,0.7500,0.7500
17.9000,11.9500,0.7500,0.7500
17.9000,12.0000,0.7500,0.7500
17.9000,12.0500,0.7500,0.7500
17.9000,12.1000,0.7500,0.7500
17.9000,12.1500,0.7500,0.7500
17.9000,12.2000,0.7500,0.7500
17.9000,12.2500,0.7433,0.7433
17.9000,12.3000,0.7280,0.7280
17.9000,12.3500,0.7159,0.7159
17.9000,12.4000,0.7071,0.7071
17.9000,12.4500,0.7018,0.7018
17.9000,12.5000,0.7000,0.7000
17.9000,12.5500,0.7000,0.7000
17.9000,12.6000,0.7000,0.7000
17.9000,12.6500,0.7000,0.7000
17.9000,12.7000,0.7000,0.7000
17.9000,12.7500,0.7000,0.7000
17.9500,12.8000,0.7500,0.7500
17.9500,12.8500,0.7500,0.7500
17.9500,12.9000,0.7500,0.7500
17.9500,12.9500,0.7500,0.7500
17.9500,13.0000,0.7500,0.7500
17.9500,13.0500,0.7500,0.7500
17.9500,13.1000,0.7500,0.7500
17.9500,13.1500,0.7500,0.7500
17.9500,13.2000,0.7500,0.7500
17.9500,13.2500,0.7517,0.7517
17.9500,13.3000,0.7566,0.7566
17.9500,13.3500,0.7649,0.7649
17.9500,13.4000,0.7762,0.7762
17.9500,13.4500,0.7906,0.7906
17.9500,13.5000,0.8000,0.8000
17.9500,13.5500,0.8016,0.8016
17.9500,13.6000,0.8062,0.8062
17.9500,13.6500,0.8139,0.8139
17.9500,13.7000,0.8246,0.8246
17.9500,13.7500,0.8382,0.8382
17.9500,13.8000,0.8544,0.8544
17.9500,13.8500,0.8732,0.8732
17.9500,13.9000,0.8944,0.8944
17.9500,13.9500,0.9055,0.9055
17.9500,14.0000,0.9124,0.9124
17.9500,14.0500,0.9220,0.9220
17.9500,14.1000,0.9341,0.9341
17.9500,14.1500,0.9487,0.9487
17.9500,14.2000,0.9552,0.9552
17.9500,14.2500,0.9618,0.9618
17.9500,14.3000,0.9708,0.9708
18.0000,14.3500,1.0308,1.0308
18.0000,14.4000,1.0440,1.0440
18.0000,14.4500,1.0595,1.0595
18.0000,14.5000,1.0770,1.0770
18.0000,14.5500,1.0966,1.0966
18.0000,14.6000,1.1180,1.1180
18.0000,14.6500,1.1413,1.1413
18.0000,14.7000,1.1500,1.1500
18.0000,14.7500,1.1402,1.1402
18.0500,14.8000,1.1769,1.1769
18.0500,14.8500,1.1673,1.1673
18.0500,14.9000,1.1597,1.1597
18.0500,14.9500,1.1543,1.1543
18.0500,15.0000,1.1511,1.1511
18.0500,15.0500,1.1500,1.1500
18.0500,15.1000,1.1500,1.1500
18.0500,15.1500,1.1500,1.1500
18.1000,15.2000,1.2000,1.2000
18.1000,15.2500,1.2000,1.2000
18.1000,15.3000,1.2000,1.2000
18.1000,15.3500,1.2000,1.2000
18.1500,15.4000,1.2500,1.2500
18.1500,15.4500,1.2500,1.2500
18.1500,15.5000,1.2500,1.2500
18.1500,15.5500,1.2500,1.2500
18.2000,15.6000,1.2981,1.2981
18.2000,15.6500,1.2855,1.2855
18.2000,15.7000,1.2748,1.2748
18.2000,15.7500,1.2659,1.2659
18.2500,15.8000,1.3086,1.3086
18.2500,15.8500,1.3038,1.3038
18.3000,15.9000,1.3509,1.3509
18.3500,15.9500,1.4000,1.4000
18.3500,16.0000,1.4000,1.4000
18.4000,16.0500,1.4500,1.4500
18.4500,16.1000,1.5000,1.5000
18.4500,16.1500,1.4916,1.4916
18.5000,16.2000,1.5297,1.5297
18.5500,16.2500,1.5700,1.5700
18.6000,16.3000,1.6125,1.6125
18.6500,16.3500,1.6447,1.6447
18.7000,16.4000,1.6279,1.6279
18.7000,16.4500,1.6378,1.6378
18.7000,16.5000,1.6492,1.6492
18.7000,16.5500,1.6378,1.6378
18.7000,16.6000,1.6279,1.6279
18.7500,16.6500,1.6447,1.6447
18.7500,16.7000,1.6325,1.6325
18.7500,16.7500,1.6101,1.6101
18.7500,16.8000,1.5890,1.5890
18.7500,16.8500,1.5692,1.5692
18.7500,16.9000,1.5508,1.5508
18.7500,16.9500,1.5338,1.5338
18.8000,17.0000,1.5660,1.5660
18.8000,17.0500,1.5524,1.5524
18.8000,17.1000,1.5403,1.5403
18.8000,17.1500,1.5297,1.5297
18.8000,17.2000,1.5207,1.5207
18.8000,17.2500,1.5133,1.5133
18.8000,17.3000,1.5075,1.5075
18.8000,17.3500,1.5033,1.5033
18.8000,17.4000,1.5008,1.5008
18.8000,17.4500,1.5000,1.5000
18.8500,17.5000,1.5500,1.5500
18.8500,17.5500,1.5508,1.5508
18.8500,17.6000,1.5532,1.5532
18.8500,17.6500,1.5572,1.5572
18.8500,17.7000,1.5628,1.5628
18.8500,17.7500,1.5700,1.5700
18.8500,17.8000,1.5788,1.5788
18.9000,17.8500,1.6378,1.6378
18.9000,17.9000,1.6492,1.6492
18.9000,17.9500,1.6500,1.6500
18.9000,18.0000,1.6500,1.6500
18.9000,18.0500,1.6500,1.6500
18.9000,18.1000,1.6500,1.6500
18.9500,18.1500,1.7000,1.7000
18.9500,18.2000,1.7000,1.7000
18.9500,18.2500,1.7000,1.7000
18.9500,18.3000,1.7000,1.7000
18.9500,18.3500,1.6978,1.6978
19.0000,18.4000,1.7357,1.7357
19.0000,18.4500,1.7263,1.7263
19.0000,18.5000,1.7183,1.7183
19.0500,18.5500,1.7614,1.7614
19.0500,18.6000,1.7564,1.7564
19.0500,18.6500,1.7529,1.7529
19.1000,18.7000,1.8007,1.8007
19.1000,18.7500,1.8000,1.8000
19.1000,18.8000,1.8000,1.8000
19.1500,18.8500,1.8500,1.8500
19.1500,18.9000,1.8500,1.8500
19.1500,18.9500,1.8500,1.8500
19.2000,19.0000,1.9000,1.9000
19.2000,19.0500,1.9000,1.9000
19.2000,19.1000,1.9000,1.9000
19.2500,19.1500,1.9500,1.9500
19.2500,19.2000,1.9500,1.9500
19.3000,19.2500,1.9962,1.9962
19.3000,19.3000,1.9780,1.9780
19.3500,19.3500,1.9925,1.9925
19.3500,19.4000,1.9925,1.9925
19.3500,19.4500,1.9780,1.9780
19.4000,19.5000,1.9925,1.9925
19.4000,19.5500,2.0012,2.0012
19.4000,19.6000,1.9906,1.9906
19.4500,19.6500,1.9925,1.9925
19.4500,19.7000,2.0081,2.0081
19.5000,19.7500,1.9780,1.9780
19.5000,19.8000,1.9962,1.9962
19.5500,19.8500,1.9698,1.9698
19.5500,19.9000,1.9906,1.9906
19.5500,19.9500,2.0125,2.0125
19.6000,20.0000,1.9906,1.9906
19.6000,20.0500,2.0125,2.0125
19.6000,20.1000,2.0353,2.0353
19.6500,20.1500,2.0156,2.0156
19.6500,20.2000,2.0248,2.0248
19.6500,20.2500,1.9981,1.9981
19.7000,20.3000,2.0156,2.0156
19.7000,20.3500,1.9912,1.9912
19.7000,20.4000,1.9679,1.9679
19.7000,20.4500,1.9455,1.9455
19.7000,20.5000,1.9242,1.9242
19.7500,20.5500,1.9500,1.9500
19.7500,20.6000,1.9313,1.9313
19.7500,20.6500,1.9138,1.9138
19.7500,20.7000,1.8974,1.8974
19.7500,20.7500,1.8822,1.8822
19.8000,20.8000,1.9138,1.9138
19.8000,20.8500,1.8974,1.8974
19.8000,20.9000,1.8822,1.8822
19.8000,20.9500,1.8682,1.8682
19.8500,21.0000,1.9039,1.9039
19.8500,21.0500,1.8927,1.8927
19.8500,21.1000,1.8822,1.8822
19.8500,21.1500,1.8682,1.8682
19.9000,21.2000,1.9039,1.9039
19.9000,21.2500,1.8927,1.8927
19.9000,21.3000,1.8828,1.8828
19.9000,21.3500,1.8742,1.8742
19.9000,21.4000,1.8668,1.8668
19.9000,21.4500,1.8608,1.8608
19.9500,21.5000,1.9059,1.9059
19.9500,21.5500,1.9026,1.9026
19.9500,21.6000,1.9007,1.9007
20.0000,21.6500,1.9500,1.9500
20.0000,21.7000,1.9500,1.9500
20.0000,21.7500,1.9500,1.9500
20.0000,21.8000,1.9500,1.9500
20.0000,21.8500,1.9500,1.9500
20.0500,21.9000,2.0000,2.0000
20.0500,21.9500,2.0000,2.0000
20.0500,22.0000,2.0000,2.0000
20.0500,22.0500,2.0000,2.0000
20.1000,22.1000,2.0506,2.0506
20.1000,22.1500,2.0524,2.0524
20.1000,22.2000,2.0402,2.0402
20.1000,22.2500,2.0261,2.0261
20.1500,22.3000,2.0616,2.0616
20.1500,22.3500,2.0500,2.0500
20.1500,22.4000,2.0396,2.0396
20.1500,22.4500,2.0261,2.0261
20.2000,22.5000,2.0616,2.0616
20.2000,22.5500,2.0500,2.0500
20.2000,22.6000,2.0396,2.0396
20.2000,22.6500,2.0304,2.0304
20.2000,22.7000,2.0224,2.0224
20.2000,22.7500,2.0156,2.0156
20.2000,22.8000,2.0100,2.0100
20.2500,22.8500,2.0555,2.0555
20.2500,22.9000,2.0524,2.0524
20.2500,22.9500,2.0506,2.0506
20.2500,23.0000,2.0500,2.0500
20.2500,23.0500,2.0500,2.0500
20.3000,23.1000,2.1000,2.1000
20.3000,23.1500,2.1000,2.1000
20.3000,23.2000,2.0988,2.0988
20.3500,23.2500,2.1378,2.1378
20.3500,23.3000,2.1290,2.1290
20.3500,23.3500,2.1213,2.1213
20.3500,23.4000,2.1101,2.1101
20.4000,23.4500,2.1477,2.1477
20.4000,23.5000,2.1378,2.1378
20.4000,23.5500,2.1290,2.1290
20.4000,23.6000,2.1213,2.1213
20.4500,23.6500,2.1645,2.1645
20.4500,23.7000,2.1593,2.1593
20.4500,23.7500,2.1552,2.1552
20.4500,23.8000,2.1523,2.1523
20.4500,23.8500,2.1506,2.1506
20.4500,23.9000,2.1500,2.1500
20.4500,23.9500,2.1500,2.1500
20.5000,24.0000,2.1966,2.1966
20.5000,24.0500,2.1869,2.1869
20.5000,24.1000,2.1783,2.1783
20.5500,24.1500,2.2204,2.2204
20.5500,24.2000,2.2142,2.2142
20.5500,24.2500,2.2091,2.2091
20.5500,24.3000,2.2051,2.2051
20.5500,24.3500,2.2023,2.2023
20.5500,24.4000,2.2006,2.2006
20.5500,24.4500,2.1966,2.1966
20.6000,24.5000,2.2361,2.2361
20.6000,24.5500,2.2277,2.2277
20.6000,24.6000,2.2204,2.2204
20.6000,24.6500,2.2142,2.2142
20.6000,24.7000,2.2091,2.2091
20.6000,24.7500,2.2051,2.2051
20.6000,24.8000,2.1966,2.1966
20.6500,24.8500,2.2361,2.2361
20.6500,24.9000,2.2277,2.2277
20.6500,24.9500,2.2204,2.2204
20.6500,25.0000,2.2142,2.2142
20.7000,25.0500,2.2589,2.2589
20.7000,25.1000,2.2550,2.2550
20.7000,25.1500,2.2522,2.2522
20.7000,25.2000,2.2506,2.2506
20.7500,25.2500,2.2946,2.2946
20.7500,25.3000,2.2853,2.2853
20.7500,25.3500,2.2771,2.2771
20.8000,25.4000,2.3195,2.3195
20.8000,25.4500,2.3135,2.3135
20.8000,25.5000,2.3087,2.3087
20.8000,25.5500,2.3049,2.3049
20.8000,25.6000,2.3022,2.3022
20.8000,25.6500,2.3005,2.3005
20.8000,25.7000,2.3000,2.3000
20.8500,25.7500,2.3500,2.3500
20.8500,25.8000,2.3500,2.3500
20.8500,25.8500,2.3500,2.3500
20.8500,25.9000,2.3500,2.3500
20.8500,25.9500,2.3500,2.3500
20.8500,26.0000,2.3500,2.3500
20.8500,26.0500,2.3500,2.3500
20.8500,26.1000,2.3500,2.3500
20.8500,26.1500,2.3500,2.3500
20.9000,26.2000,2.3927,2.3927
20.9000,26.2500,2.3838,2.3838
20.9000,26.3000,2.3759,2.3759
20.9000,26.3500,2.3691,2.3691
20.9000,26.4000,2.3633,2.3633
20.9500,26.4500,2.4083,2.4083
20.9500,26.5000,2.4047,2.4047
20.9500,26.5500,2.4021,2.4021
20.9500,26.6000,2.4005,2.4005
20.9500,26.6500,2.4000,2.4000
20.9500,26.7000,2.3927,2.3927
20.9500,26.7500,2.3838,2.3838
21.0000,26.8000,2.4254,2.4254
21.0000,26.8500,2.4187,2.4187
21.0000,26.9000,2.4130,2.4130
21.0000,26.9500,2.4026,2.4026
21.0000,27.0000,2.3927,2.3927
21.0000,27.0500,2.3838,2.3838
21.0000,27.1000,2.3759,2.3759
21.0000,27.1500,2.3691,2.3691
21.0000,27.2000,2.3633,2.3633
21.0000,27.2500,2.3585,2.3585
21.0000,27.3000,2.3548,2.3548
21.0000,27.3500,2.3521,2.3521
21.0500,27.4000,2.4005,2.4005
21.0500,27.4500,2.4000,2.4000
21.0500,27.5000,2.4000,2.4000
21.0500,27.5500,2.4000,2.4000
21.0500,27.6000,2.4000,2.4000
21.0500,27.6500,2.4000,2.4000
21.0500,27.7000,2.4000,2.4000
21.0500,27.7500,2.4000,2.4000
21.0500,27.8000,2.4000,2.4000
21.0500,27.8500,2.4000,2.4000
21.0500,27.9000,2.4005,2.4005
21.0500,27.9500,2.4021,2.4021
21.0500,28.0000,2.4047,2.4047
21.0500,28.0500,2.4083,2.4083
21.0500,28.1000,2.4130,2.4130
21.0500,28.1500,2.4187,2.4187
21.0500,28.2000,2.4254,2.4254
21.0500,28.2500,2.4254,2.4254
21.0500,28.3000,2.4187,2.4187
21.0500,28.3500,2.4130,2.4130
21.0500,28.4000,2.4083,2.4083
21.0500,28.4500,2.4047,2.4047
21.0500,28.5000,2.4021,2.4021
21.0500,28.5500,2.4005,2.4005
21.0500,28.6000,2.4000,2.4000
21.0500,28.6500,2.4000,2.4000
21.0500,28.7000,2.4000,2.4000
21.0500,28.7500,2.4005,2.4005
21.0500,28.8000,2.4021,2.4021
21.0500,28.8500,2.4047,2.4047
21.0000,28.9000,2.3585,2.3585
21.0000,28.9500,2.3633,2.3633
21.0000,29.0000,2.3691,2.3691
21.0000,29.0500,2.3759,2.3759
21.0000,29.1000,2.3838,2.3838
21.0000,29.1500,2.3927,2.3927
21.0000,29.2000,2.4026,2.4026
21.0000,29.2500,2.4083,2.4083
21.0000,29.3000,2.4047,2.4047
21.0000,29.3500,2.4021,2.4021
21.0000,29.4000,2.4005,2.4005
21.0000,29.4500,2.4000,2.4000
21.0500,29.5000,2.4500,2.4500
21.0500,29.5500,2.4500,2.4500
21.0500,29.6000,2.4500,2.4500
21.0500,29.6500,2.4500,2.4500
21.0500,29.7000,2.4500,2.4500
21.0500,29.7500,2.4500,2.4500
21.0500,29.8000,2.4500,2.4500
21.0500,29.8500,2.4500,2.4500
21.0500,29.9000,2.4500,2.4500
21.0500,29.9500,2.4500,2.4500
21.0500,30.0000,2.4500,2.4500
21.0500,30.0500,2.4500,2.4500
21.0500,30.1000,2.4418,2.4418
21.0500,30.1500,2.4331,2.4331
21.0500,30.2000,2.4254,2.4254
21.0000,30.2500,2.4254,2.4254
21.0000,30.3000,2.4254,2.4254
21.0000,30.3500,2.4187,2.4187
21.0000,30.4000,2.4130,2.4130
21.0000,30.4500,2.4083,2.4083
21.0000,30.5000,2.3943,2.3943
21.0000,30.5500,2.3707,2.3707
21.0000,30.6000,2.3479,2.3479
21.0000,30.6500,2.3259,2.3259
20.9500,30.7000,2.2594,2.2594
20.9500,30.7500,2.2389,2.2389
20.9500,30.8000,2.2192,2.2192
20.9500,30.8500,2.2006,2.2006
20.9500,30.9000,2.1829,2.1829
20.9500,30.9500,2.1662,2.1662
20.9500,31.0000,2.1506,2.1506
20.9000,31.0500,2.0881,2.0881
20.9000,31.1000,2.0742,2.0742
20.9000,31.1500,2.0616,2.0616
20.9000,31.2000,2.0500,2.0500
20.9000,31.2500,2.0396,2.0396
20.9000,31.3000,2.0304,2.0304
20.9000,31.3500,2.0224,2.0224
20.8500,31.4000,1.9660,1.9660
20.8500,31.4500,1.9602,1.9602
20.8500,31.5000,1.9558,1.9558
20.8500,31.5500,1.9526,1.9526
20.8000,31.6000,1.9007,1.9007
20.8000,31.6500,1.9000,1.9000
20.8000,31.7000,1.9000,1.9000
20.7500,31.7500,1.8500,1.8500
20.7500,31.8000,1.8500,1.8500
20.7500,31.8500,1.8500,1.8500
20.7000,31.9000,1.8000,1.8000
20.7000,31.9500,1.8007,1.8007
20.7000,32.0000,1.8028,1.8028
20.6500,32.0500,1.7564,1.7564
20.6500,32.1000,1.7614,1.7614
20.6500,32.1500,1.7678,1.7678
20.6000,32.2000,1.7263,1.7263
20.6000,32.2500,1.7357,1.7357
20.5500,32.3000,1.6978,1.6978
20.5500,32.3500,1.7007,1.7007
20.5000,32.4000,1.6530,1.6530
20.5000,32.4500,1.6568,1.6568
20.5000,32.5000,1.6621,1.6621
20.4500,32.5500,1.6194,1.6194
20.4500,32.6000,1.6279,1.6279
20.4000,32.6500,1.5890,1.5890
20.4000,32.7000,1.6008,1.6008
20.3500,32.7500,1.5660,1.5660
20.3500,32.8000,1.5811,1.5811
20.3000,32.8500,1.5508,1.5508
20.2500,32.9000,1.5182,1.5182
20.2500,32.9500,1.5338,1.5338
20.2000,33.0000,1.5042,1.5042
20.1500,33.0500,1.4705,1.4705
20.1000,33.1000,1.4396,1.4396
20.1000,33.1500,1.4577,1.4577
20.0500,33.2000,1.4318,1.4318
20.0000,33.2500,1.4089,1.4089
19.9500,33.3000,1.3865,1.3865
19.9000,33.3500,1.3647,1.3647
19.9000,33.4000,1.3865,1.3865
19.8500,33.4500,1.3647,1.3647
19.8000,33.5000,1.3416,1.3416
19.7500,33.5500,1.3210,1.3210
19.7000,33.6000,1.3038,1.3038
19.6500,33.6500,1.2903,1.2903
19.6000,33.7000,1.2806,1.2806
19.5500,33.7000,1.2748,1.2748
19.5000,33.7500,1.2590,1.2590
19.4500,33.8000,1.2166,1.2166
19.4000,33.8500,1.1769,1.1769
19.3500,33.9000,1.1402,1.1402
19.3000,33.9000,1.1543,1.1543
19.2500,33.9500,1.1236,1.1236
19.2000,33.9500,1.1402,1.1402
19.1500,34.0000,1.1000,1.1000
19.1000,34.0000,1.1000,1.1000
19.0500,34.0000,1.1000,1.1000
19.0000,34.0000,1.1000,1.1000
18.9500,34.0500,1.0500,1.0500
18.9000,34.0500,1.0500,1.0500
18.8500,34.0500,1.0500,1.0500
18.8000,34.1000,1.0000,1.0000
18.7500,34.1000,1.0000,1.0000
18.7000,34.1000,1.0000,1.0000
18.6500,34.0500,1.0308,1.0308
18.6000,34.0500,1.0124,1.0124
18.5500,34.0500,0.9962,0.9962
18.5000,34.0500,0.9823,0.9823
18.4500,34.0500,0.9657,0.9657
18.4000,34.0500,0.9487,0.9487
18.3500,34.0500,0.9341,0.9341
18.3000,34.0500,0.9220,0.9220
18.2500,34.0500,0.9124,0.9124
18.2000,34.0000,0.8559,0.8559
18.1500,34.0000,0.8515,0.8515
18.1000,34.0000,0.8500,0.8500
18.0500,34.0000,0.8500,0.8500
18.0000,34.0000,0.8500,0.8500
17.9500,34.0000,0.8500,0.8500
17.9000,33.9500,0.8000,0.8000
17.8500,33.9500,0.8000,0.8000
17.8000,33.9500,0.8000,0.8000
17.7500,33.9000,0.7500,0.7500
17.7000,33.9000,0.7500,0.7500
17.6500,33.9000,0.7500,0.7500
17.6000,33.9000,0.7500,0.7500
17.5500,33.9000,0.7500,0.7500
17.5000,33.8500,0.7000,0.7000
17.4500,33.8500,0.7000,0.7000
17.4000,33.8500,0.7000,0.7000
17.3500,33.8500,0.7018,0.7018
17.3000,33.8500,0.7071,0.7071
17.2500,33.8500,0.7159,0.7159
17.2000,33.8500,0.7159,0.7159
17.1500,33.8000,0.6801,0.6801
17.1000,33.7500,0.6500,0.6500
17.0500,33.7000,0.6185,0.6185
17.0000,33.6500,0.5852,0.5852
17.0000,33.6000,0.6021,0.6021
16.9500,33.5500,0.5701,0.5701
16.9000,33.5000,0.5385,0.5385
16.9000,33.4500,0.5590,0.5590
16.8500,33.4000,0.5220,0.5220
16.8500,33.3500,0.5385,0.5385
16.8500,33.3000,0.5385,0.5385
16.8000,33.2500,0.5220,0.5220
16.8000,33.2000,0.5385,0.5385
16.7500,33.1500,0.5099,0.5099
16.7500,33.1000,0.5220,0.5220
16.7500,33.0500,0.5148,0.5148
16.7000,33.0000,0.5148,0.5148
16.7000,32.9500,0.5148,0.5148
16.6500,32.9000,0.5099,0.5099
16.6500,32.8500,0.5148,0.5148
16.6000,32.8000,0.4924,0.4924
16.6000,32.7500,0.5099,0.5099
16.6000,32.7000,0.4924,0.4924
16.5500,32.6500,0.4924,0.4924
16.5500,32.6000,0.5099,0.5099
16.5500,32.5500,0.4924,0.4924
16.5000,32.5000,0.4924,0.4924
16.5000,32.4500,0.5099,0.5099
16.5000,32.4000,0.4924,0.4924
16.4500,32.3500,0.4924,0.4924
16.4500,32.3000,0.4924,0.4924
16.4000,32.2500,0.4924,0.4924
16.4000,32.2000,0.4924,0.4924
16.3500,32.1500,0.4743,0.4743
16.3500,32.1000,0.4924,0.4924
16.3000,32.0500,0.4610,0.4610
16.3000,32.0000,0.4743,0.4743
16.3000,31.9500,0.4924,0.4924
16.2500,31.9000,0.4610,0.4610
16.2500,31.8500,0.4743,0.4743
16.2500,31.8000,0.4924,0.4924
16.2500,31.7500,0.4924,0.4924
16.2000,31.7000,0.4743,0.4743
16.2000,31.6500,0.4924,0.4924
16.2000,31.6000,0.4924,0.4924
16.1500,31.5500,0.4743,0.4743
16.1500,31.5000,0.4924,0.4924
16.1500,31.4500,0.5025,0.5025
16.1500,31.4000,0.4924,0.4924
16.1000,31.3500,0.4924,0.4924
16.1000,31.3000,0.5099,0.5099
16.1000,31.2500,0.5025,0.5025
16.0500,31.2000,0.4924,0.4924
16.0500,31.1500,0.5099,0.5099
16.0500,31.1000,0.4924,0.4924
16.0000,31.0500,0.4924,0.4924
16.0000,31.0000,0.4924,0.4924
15.9500,30.9500,0.4743,0.4743
15.9500,30.9000,0.4924,0.4924
15.9500,30.8500,0.4924,0.4924
15.9000,30.8000,0.4743,0.4743
15.9000,30.7500,0.4924,0.4924
15.8500,30.7000,0.4717,0.4717
15.8500,30.6500,0.4924,0.4924
15.8500,30.6000,0.4924,0.4924
15.8000,30.5500,0.4743,0.4743
15.8000,30.5000,0.4924,0.4924
15.8000,30.4500,0.4924,0.4924
15.7500,30.4000,0.4743,0.4743
15.7500,30.3500,0.4924,0.4924
15.7500,30.3000,0.4924,0.4924
15.7000,30.2500,0.4743,0.4743
15.7000,30.2000,0.4924,0.4924
15.6500,30.1500,0.4610,0.4610
15.6500,30.1000,0.4743,0.4743
15.6500,30.0500,0.4924,0.4924
15.6000,30.0000,0.4610,0.4610
15.6000,29.9500,0.4743,0.4743
15.6000,29.9000,0.4924,0.4924
15.6000,29.8500,0.5000,0.5000
15.5500,29.8000,0.4924,0.4924
15.5500,29.7500,0.5099,0.5099
15.5500,29.7000,0.5099,0.5099
15.5500,29.6500,0.5025,0.5025
15.5000,29.6000,0.5099,0.5099
15.5000,29.5500,0.5220,0.5220
15.5000,29.5000,0.5385,0.5385
15.5000,29.4500,0.5500,0.5500
15.5000,29.4000,0.5500,0.5500
15.5000,29.3500,0.5500,0.5500
15.5000,29.3000,0.5500,0.5500
15.4500,29.2500,0.5701,0.5701
15.4500,29.2000,0.5590,0.5590
15.4500,29.1500,0.5523,0.5523
15.4500,29.1000,0.5500,0.5500
15.4500,29.0500,0.5500,0.5500
15.4500,29.0000,0.5523,0.5523
15.5000,28.9500,0.6083,0.6083
15.5000,28.9000,0.6185,0.6185
15.5000,28.8500,0.6325,0.6325
15.5000,28.8000,0.6500,0.6500
15.5000,28.7500,0.6500,0.6500
15.5000,28.7000,0.6500,0.6500
15.5000,28.6500,0.6519,0.6519
15.5000,28.6000,0.6576,0.6576
15.5000,28.5500,0.6671,0.6671
15.5000,28.5000,0.6801,0.6801
15.5000,28.4500,0.6964,0.6964
15.5000,28.4000,0.7000,0.7000
15.5500,28.3500,0.7433,0.7433
15.5500,28.3000,0.7500,0.7500
15.5000,28.2500,0.7000,0.7000
15.5000,28.2000,0.7000,0.7000
15.5500,28.1500,0.7500,0.7500
15.5500,28.1000,0.7500,0.7500
15.5500,28.0500,0.7500,0.7500
15.5500,28.0000,0.7500,0.7500
15.5500,27.9500,0.7517,0.7517
15.6000,27.9000,0.8062,0.8062
15.6000,27.8500,0.8139,0.8139
15.6000,27.8000,0.8246,0.8246
15.6000,27.7500,0.8382,0.8382
15.6500,27.7000,0.9000,0.9000
15.6500,27.6500,0.9014,0.9014
15.7000,27.6000,0.9552,0.9552
15.7000,27.5500,0.9618,0.9618
15.7500,27.5000,1.0198,1.0198
15.7500,27.4500,1.0308,1.0308
15.7500,27.4000,1.0440,1.0440
15.7500,27.3500,1.0512,1.0512
15.7500,27.3000,1.0548,1.0548
15.7500,27.2500,1.0607,1.0607
15.7500,27.2000,1.0689,1.0689
15.8000,27.1500,1.1281,1.1281
15.8000,27.1000,1.1281,1.1281
15.8000,27.0500,1.1180,1.1180
15.8000,27.0000,1.1102,1.1102
15.8500,26.9500,1.1543,1.1543
15.8500,26.9000,1.1511,1.1511
15.8500,26.8500,1.1500,1.1500
15.8500,26.8000,1.1500,1.1500
15.9000,26.7500,1.2000,1.2000
15.9000,26.7000,1.2000,1.2000
15.9000,26.6500,1.2000,1.2000
15.9500,26.6000,1.2369,1.2369
15.9500,26.5500,1.2258,1.2258
15.9500,26.5000,1.2166,1.2166
15.9500,26.4500,1.2093,1.2093
15.9500,26.4000,1.2042,1.2042
16.0000,26.3500,1.1511,1.1511
16.0000,26.3000,1.1500,1.1500
16.0000,26.2500,1.1500,1.1500
16.0000,26.2000,1.1500,1.1500
16.0000,26.1500,1.1500,1.1500
16.0000,26.1000,1.1500,1.1500
16.0000,26.0500,1.1500,1.1500
16.0000,26.0000,1.1500,1.1500
16.0000,25.9500,1.1500,1.1500
16.0000,25.9000,1.1500,1.1500
16.0000,25.8500,1.1500,1.1500
16.0000,25.8000,1.1500,1.1500
15.9500,25.7500,1.1281,1.1281
15.9500,25.7000,1.1180,1.1180
15.9500,25.6500,1.1102,1.1102
15.9500,25.6000,1.1045,1.1045
15.9500,25.5500,1.1011,1.1011
15.9500,25.5000,1.1000,1.1000
15.9500,25.4500,1.1000,1.1000
15.9500,25.4000,1.1000,1.1000
15.9500,25.3500,1.1000,1.1000
15.9500,25.3000,1.1000,1.1000
15.9500,25.2500,1.1011,1.1011
15.9000,25.2000,1.0548,1.0548
15.9000,25.1500,1.0607,1.0607
15.9000,25.1000,1.0689,1.0689
15.9000,25.0500,1.0794,1.0794
15.9000,25.0000,1.0920,1.0920
15.9000,24.9500,1.1045,1.1045
15.9000,24.9000,1.1102,1.1102
15.9000,24.8500,1.1180,1.1180
15.9000,24.8000,1.1281,1.1281
15.9000,24.7500,1.1402,1.1402
15.8500,24.7000,1.1045,1.1045
15.8500,24.6500,1.1102,1.1102
15.8500,24.6000,1.1180,1.1180
15.8500,24.5500,1.1281,1.1281
15.8000,24.5000,1.0920,1.0920
15.8000,24.4500,1.1068,1.1068
15.8000,24.4000,1.1236,1.1236
15.8000,24.3500,1.1402,1.1402
15.8000,24.3000,1.1402,1.1402
15.7500,24.2500,1.1180,1.1180
15.7500,24.2000,1.1281,1.1281
15.7500,24.1500,1.1402,1.1402
15.7500,24.1000,1.1402,1.1402
15.7000,24.0500,1.1180,1.1180
15.7000,24.0000,1.1281,1.1281
15.7000,23.9500,1.1402,1.1402
15.6500,23.9000,1.1068,1.1068
15.6500,23.8500,1.1180,1.1180
15.6500,23.8000,1.1281,1.1281
15.6500,23.7500,1.1402,1.1402
15.6000,23.7000,1.1068,1.1068
15.6000,23.6500,1.1180,1.1180
15.6000,23.6000,1.1281,1.1281
15.6000,23.5500,1.1281,1.1281
15.5500,23.5000,1.1045,1.1045
15.5500,23.4500,1.1102,1.1102
15.5500,23.4000,1.1180,1.1180
15.5500,23.3500,1.1281,1.1281
15.5500,23.3000,1.1180,1.1180
15.5000,23.2500,1.1068,1.1068
15.5000,23.2000,1.1236,1.1236
15.5000,23.1500,1.1402,1.1402
15.5000,23.1000,1.1281,1.1281
15.4500,23.0500,1.1102,1.1102
15.4500,23.0000,1.1180,1.1180
15.4500,22.9500,1.1281,1.1281
15.4500,22.9000,1.1402,1.1402
15.4000,22.8500,1.1068,1.1068
15.4000,22.8000,1.1236,1.1236
15.3500,22.7500,1.0966,1.0966
15.3500,22.7000,1.1180,1.1180
15.3500,22.6500,1.1413,1.1413
15.3500,22.6000,1.1630,1.1630
15.3000,22.5500,1.1413,1.1413
15.3000,22.5000,1.1630,1.1630
15.3000,22.4500,1.1413,1.1413
15.2500,22.4000,1.1543,1.1543
15.2500,22.3500,1.1424,1.1424
15.2000,22.3000,1.1424,1.1424
15.2000,22.2500,1.1543,1.1543
15.2000,22.2000,1.1402,1.1402
15.1500,22.1500,1.1543,1.1543
15.1500,22.1000,1.1424,1.1424
15.1500,22.0500,1.1236,1.1236
15.1000,22.0000,1.1543,1.1543
15.1000,21.9500,1.1402,1.1402
15.0500,21.9000,1.1630,1.1630
15.0500,21.8500,1.1673,1.1673
15.0500,21.8000,1.1543,1.1543
15.0000,21.7500,1.1853,1.1853
15.0000,21.7000,1.1705,1.1705
15.0000,21.6500,1.1543,1.1543
14.9500,21.6000,1.1885,1.1885
14.9500,21.5500,1.1769,1.1769
14.9500,21.5000,1.1673,1.1673
14.9000,21.4500,1.2021,1.2021
14.9000,21.4000,1.1885,1.1885
14.9000,21.3500,1.1769,1.1769
14.8500,21.3000,1.2166,1.2166
14.8500,21.2500,1.2021,1.2021
14.8000,21.2000,1.2369,1.2369
14.8000,21.1500,1.2258,1.2258
14.8000,21.1000,1.2166,1.2166
14.7500,21.0500,1.2500,1.2500
14.7500,21.0000,1.2349,1.2349
14.7000,20.9500,1.2649,1.2649
14.7000,20.9000,1.2500,1.2500
14.7000,20.8500,1.2369,1.2369
14.6500,20.8000,1.2748,1.2748
14.6000,20.7500,1.3124,1.3124
14.6000,20.7000,1.2981,1.2981
14.6000,20.6500,1.2816,1.2816
14.5500,20.6000,1.3124,1.3124
14.5000,20.5500,1.3416,1.3416
14.5000,20.5000,1.3200,1.3200
14.4500,20.4500,1.3463,1.3463
14.4500,20.4000,1.3285,1.3285
14.4000,20.3500,1.3601,1.3601
14.4000,20.3000,1.3463,1.3463
14.4000,20.2500,1.3285,1.3285
14.3500,20.2000,1.3601,1.3601
14.3000,20.1500,1.3928,1.3928
14.3000,20.1000,1.3757,1.3757
14.2500,20.0500,1.4080,1.4080
14.2500,20.0000,1.3928,1.3928
14.2000,19.9500,1.4230,1.4230
14.2000,19.9000,1.4080,1.4080
14.1500,19.8500,1.4318,1.4318
14.1000,19.8000,1.4577,1.4577
14.1000,19.7500,1.4396,1.4396
14.1000,19.7000,1.4230,1.4230
14.0500,19.6500,1.4560,1.4560
14.0000,19.6000,1.4866,1.4866
14.0000,19.5500,1.4705,1.4705
14.0000,19.5000,1.4560,1.4560
13.9500,19.4500,1.4916,1.4916
13.9000,19.4000,1.5297,1.5297
13.8500,19.3500,1.5700,1.5700
13.8500,19.3000,1.5628,1.5628
13.8000,19.2500,1.6070,1.6070
13.7500,19.2000,1.6492,1.6492
13.7000,19.1500,1.6867,1.6867
13.6500,19.1000,1.7241,1.7241
13.6500,19.0500,1.7088,1.7088
13.6000,19.0000,1.7393,1.7393
13.5500,19.0000,1.7868,1.7868
13.5000,18.9500,1.8200,1.8200
13.4500,18.9000,1.8500,1.8500
13.4000,18.8500,1.8788,1.8788
13.4000,18.8000,1.8668,1.8668
13.3500,18.7500,1.8974,1.8974
13.3000,18.7500,1.9242,1.9242
13.2500,18.7000,1.9500,1.9500
13.2000,18.7000,1.9313,1.9313
13.1500,18.6500,1.9609,1.9609
13.1000,18.6500,1.9449,1.9449
13.0500,18.6500,1.9300,1.9300
13.0000,18.6500,1.9164,1.9164
12.9500,18.6000,1.9526,1.9526
12.9000,18.6000,1.9416,1.9416
12.8500,18.6000,1.9300,1.9300
12.8000,18.5500,1.9609,1.9609
12.7500,18.5500,1.9449,1.9449
12.7000,18.5500,1.9300,1.9300
12.6500,18.5500,1.9164,1.9164
12.6000,18.5500,1.9039,1.9039
12.5500,18.5500,1.8927,1.8927
12.5000,18.5500,1.8828,1.8828
12.4500,18.5000,1.9235,1.9235
12.4000,18.5000,1.9164,1.9164
12.3500,18.5000,1.9039,1.9039
12.3000,18.5000,1.8927,1.8927
12.2500,18.5000,1.8828,1.8828
12.2000,18.5000,1.8742,1.8742
12.1500,18.5000,1.8668,1.8668
12.1000,18.5000,1.8608,1.8608
12.0500,18.5000,1.8561,1.8561
12.0000,18.5000,1.8527,1.8527
11.9500,18.5000,1.8507,1.8507
11.9000,18.5000,1.8500,1.8500
11.8500,18.5000,1.8500,1.8500
11.8000,18.5000,1.8500,1.8500
11.7500,18.5000,1.8500,1.8500
11.7000,18.5000,1.8500,1.8500
11.6500,18.5000,1.8500,1.8500
11.6000,18.5000,1.8500,1.8500
11.5500,18.5500,1.8000,1.8000
11.5000,18.5500,1.8000,1.8000
11.4500,18.5500,1.8000,1.8000
11.4000,18.5500,1.8000,1.8000
11.3500,18.5500,1.8000,1.8000
11.3000,18.5500,1.8007,1.8007
11.2500,18.5500,1.8028,1.8028
11.2000,18.5500,1.8062,1.8062
11.1500,18.5500,1.8111,1.8111
11.1000,18.6000,1.7678,1.7678
11.0500,18.6000,1.7755,1.7755
11.0000,18.6000,1.7847,1.7847
10.9500,18.6000,1.7951,1.7951
10.9000,18.6000,1.8069,1.8069
10.8500,18.6000,1.8200,1.8200
10.8000,18.6000,1.8337,1.8337
10.7500,18.6000,1.8439,1.8439
10.7000,18.6500,1.8000,1.8000
10.6500,18.6500,1.8000,1.8000
10.6000,18.6500,1.8000,1.8000
10.5500,18.6500,1.8000,1.8000
10.5000,18.6500,1.8000,1.8000
10.4500,18.6500,1.8000,1.8000
10.4000,18.7000,1.7507,1.7507
10.3500,18.7000,1.7529,1.7529
10.3000,18.7000,1.7564,1.7564
10.2500,18.7000,1.7614,1.7614
10.2000,18.7000,1.7678,1.7678
10.1500,18.7500,1.7263,1.7263
10.1000,18.7500,1.7357,1.7357
10.0500,18.7500,1.7464,1.7464
10.0000,18.8000,1.7103,1.7103
9.9500,18.8000,1.7241,1.7241
9.9000,18.8000,1.7357,1.7357
9.8500,18.8500,1.6978,1.6978
9.8000,18.8500,1.7103,1.7103
9.7500,18.8500,1.7241,1.7241
9.7000,18.8500,1.7393,1.7393
9.6500,18.8500,1.7557,1.7557
9.6000,18.9000,1.7263,1.7263
9.5500,18.9000,1.7357,1.7357
9.5000,18.9000,1.7464,1.7464
9.4500,18.9000,1.7586,1.7586
9.4000,18.9000,1.7720,1.7720
9.3500,18.9000,1.7868,1.7868
9.3000,18.9000,1.7868,1.7868
9.2500,18.9500,1.7720,1.7720
9.2000,18.9500,1.7868,1.7868
9.1500,18.9500,1.7734,1.7734
9.1000,19.0000,1.7734,1.7734
9.0500,19.0000,1.7847,1.7847
9.0000,19.0000,1.7720,1.7720
8.9500,19.0500,1.7586,1.7586
8.9000,19.0500,1.7720,1.7720
8.8500,19.0500,1.7720,1.7720
8.8000,19.0500,1.7586,1.7586
8.7500,19.1000,1.7720,1.7720
8.7000,19.1000,1.7734,1.7734
8.6500,19.1000,1.7557,1.7557
8.6000,19.1500,1.7586,1.7586
8.5500,19.1500,1.7720,1.7720
8.5000,19.1500,1.7557,1.7557
8.4500,19.2000,1.7464,1.7464
8.4000,19.2000,1.7586,1.7586
8.3500,19.2000,1.7557,1.7557
8.3000,19.2000,1.7393,1.7393
8.2500,19.2500,1.7557,1.7557
8.2000,19.2500,1.7586,1.7586
8.1500,19.2500,1.7464,1.7464
8.1000,19.3000,1.7464,1.7464
8.0500,19.3000,1.7586,1.7586
8.0000,19.3000,1.7557,1.7557
7.9500,19.3000,1.7393,1.7393
7.9000,19.3500,1.7357,1.7357
7.8500,19.3500,1.7464,1.7464
7.8000,19.3500,1.7393,1.7393
7.7500,19.3500,1.7241,1.7241
7.7000,19.4000,1.7393,1.7393
7.6500,19.4000,1.7464,1.7464
7.6000,19.4000,1.7357,1.7357
7.5500,19.4500,1.7393,1.7393
7.5000,19.4500,1.7557,1.7557
7.4500,19.4500,1.7393,1.7393
7.4000,19.5000,1.7263,1.7263
7.3500,19.5000,1.7357,1.7357
7.3000,19.5000,1.7464,1.7464
7.2500,19.5500,1.7103,1.7103
7.2000,19.5500,1.7183,1.7183
7.1500,19.5500,1.7263,1.7263
7.1000,19.6000,1.6867,1.6867
7.0500,19.6500,1.6492,1.6492
7.0000,19.6500,1.6621,1.6621
6.9500,19.6500,1.6763,1.6763
6.9000,19.7000,1.6378,1.6378
6.8500,19.7000,1.6492,1.6492
6.8000,19.7500,1.6140,1.6140
6.7500,19.7500,1.6279,1.6279
6.7000,19.7500,1.6378,1.6378
6.6500,19.7500,1.6492,1.6492
6.6000,19.7500,1.6621,1.6621
6.5500,19.8000,1.6286,1.6286
6.5000,19.8000,1.6447,1.6447
6.4500,19.8000,1.6621,1.6621
6.4000,19.8000,1.6553,1.6553
6.3500,19.8000,1.6325,1.6325
6.3000,19.8000,1.6101,1.6101
6.2500,19.8000,1.5890,1.5890
6.2000,19.8000,1.5692,1.5692
6.1500,19.8000,1.5508,1.5508
6.1000,19.8000,1.5338,1.5338
6.0500,19.8500,1.5660,1.5660
6.0000,19.8500,1.5524,1.5524
5.9500,19.8500,1.5403,1.5403
5.9000,19.8500,1.5297,1.5297
5.8500,19.8500,1.5207,1.5207
5.8000,19.8500,1.5133,1.5133
5.7500,19.9000,1.5572,1.5572
5.7000,19.9000,1.5532,1.5532
5.6500,19.9500,1.6008,1.6008
5.6000,19.9500,1.6000,1.6000
5.5500,19.9500,1.6000,1.6000
5.5000,20.0000,1.6500,1.6500
5.4500,20.0000,1.6500,1.6500
5.4000,20.0000,1.6500,1.6500
5.3500,20.0000,1.6500,1.6500
5.3000,20.0500,1.6867,1.6867
5.2500,20.0500,1.6978,1.6978
5.2000,20.0500,1.7066,1.7066
5.1500,20.0500,1.7117,1.7117
5.1000,20.1000,1.6919,1.6919
5.0500,20.1000,1.7088,1.7088
5.0000,20.1000,1.7241,1.7241
4.9500,20.1500,1.6919,1.6919
4.9000,20.1500,1.7088,1.7088
4.8500,20.1500,1.7241,1.7241
4.8000,20.1500,1.7241,1.7241
4.7500,20.1500,1.7088,1.7088
4.7000,20.1500,1.6919,1.6919
4.6500,20.2000,1.7241,1.7241
4.6000,20.2000,1.7088,1.7088
4.5500,20.2000,1.6919,1.6919
4.5000,20.2000,1.6763,1.6763
4.4500,20.2500,1.7103,1.7103
4.4000,20.2500,1.6978,1.6978
4.3500,20.2500,1.6867,1.6867
4.3000,20.3000,1.7241,1.7241
4.2500,20.3000,1.7103,1.7103
4.2000,20.3000,1.6978,1.6978
4.1500,20.3500,1.7357,1.7357
4.1000,20.3500,1.7263,1.7263
4.0500,20.4000,1.7241,1.7241
4.0000,20.4000,1.7393,1.7393
3.9500,20.4000,1.7464,1.7464
3.9000,20.4500,1.7270,1.7270
3.8500,20.4500,1.7464,1.7464
3.8000,20.4500,1.7586,1.7586
3.7500,20.5000,1.7443,1.7443
3.7000,20.5000,1.7671,1.7671
3.6500,20.5500,1.7393,1.7393
3.6000,20.5500,1.7557,1.7557
3.5500,20.6000,1.7263,1.7263
3.5000,20.6000,1.7357,1.7357
3.4500,20.6500,1.6978,1.6978
3.4000,20.6500,1.7103,1.7103
3.3500,20.7000,1.6763,1.6763
3.3000,20.7000,1.6919,1.6919
3.2500,20.7000,1.7088,1.7088
3.2000,20.7500,1.6763,1.6763
3.1500,20.7500,1.6867,1.6867
3.1000,20.8000,1.6492,1.6492
3.0500,20.8000,1.6621,1.6621
3.0000,20.8000,1.6763,1.6763
2.9500,20.8500,1.6447,1.6447
2.9000,20.8500,1.6621,1.6621
2.8500,20.8500,1.6763,1.6763
2.8000,20.8500,1.6621,1.6621
2.7500,20.9000,1.6621,1.6621
2.7000,20.9000,1.6763,1.6763
2.6500,20.9000,1.6553,1.6553
2.6000,20.9500,1.6621,1.6621
2.5500,20.9500,1.6621,1.6621
2.5000,20.9500,1.6447,1.6447
2.4500,20.9500,1.6286,1.6286
2.4000,21.0000,1.6621,1.6621
2.3500,21.0000,1.6492,1.6492
2.3000,21.0000,1.6378,1.6378
2.2500,21.0500,1.6763,1.6763
2.2000,21.0500,1.6621,1.6621
2.1500,21.0500,1.6447,1.6447
2.1000,21.1000,1.6763,1.6763
2.0500,21.1000,1.6621,1.6621
2.0000,21.1500,1.6919,1.6919
1.9500,21.1500,1.6763,1.6763
1.9000,21.1500,1.6621,1.6621
1.8500,21.2000,1.6919,1.6919
1.8000,21.2000,1.6763,1.6763
1.7500,21.2500,1.7088,1.7088
1.7000,21.2500,1.6919,1.6919
1.6500,21.3000,1.6919,1.6919
1.6000,21.3000,1.7088,1.7088
1.5500,21.3000,1.6919,1.6919
1.5000,21.3500,1.6867,1.6867
1.4500,21.3500,1.6978,1.6978
1.4000,21.4000,1.6621,1.6621
1.3500,21.4000,1.6763,1.6763
1.3000,21.4000,1.6867,1.6867
1.2500,21.4000,1.6919,1.6919
1.2000,21.4500,1.6621,1.6621
1.1500,21.4500,1.6763,1.6763
1.1000,21.4500,1.6919,1.6919
1.0500,21.4500,1.6763,1.6763
1.0000,21.5000,1.6763,1.6763
0.9500,21.5000,1.6808,1.6808
0.9000,21.5000,1.6621,1.6621
0.8500,21.5500,1.6621,1.6621
0.8000,21.5500,1.6763,1.6763
0.7500,21.5500,1.6621,1.6621
0.7000,21.5500,1.6447,1.6447
0.6500,21.6000,1.6621,1.6621
0.6000,21.6000,1.6621,1.6621
0.5500,21.6000,1.6492,1.6492
0.5000,21.6500,1.6621,1.6621
0.4500,21.6500,1.6763,1.6763
0.4000,21.6500,1.6688,1.6688
0.3500,21.7000,1.6621,1.6621
0.3000,21.7000,1.6763,1.6763
0.2500,21.7000,1.6867,1.6867
0.2000,21.7000,1.6763,1.6763
0.1500,21.7500,1.6621,1.6621
0.1000,21.7500,1.6763,1.6763
0.0500,21.7500,1.6808,1.6808
0.0000,21.7500,1.6621,1.6621
-0.0500,21.8000,1.6808,1.6808
-0.1000,21.8000,1.6763,1.6763
-0.1500,21.8000,1.6621,1.6621
-0.2000,21.8500,1.6919,1.6919
-0.2500,21.8500,1.6763,1.6763
-0.3000,21.8500,1.6621,1.6621
-0.3500,21.9000,1.6919,1.6919
-0.4000,21.9000,1.6763,1.6763
-0.4500,21.9000,1.6621,1.6621
-0.5000,21.9500,1.6919,1.6919
-0.5500,21.9500,1.6763,1.6763
-0.6000,21.9500,1.6621,1.6621
-0.6500,22.0000,1.6919,1.6919
-0.7000,22.0000,1.6763,1.6763
-0.7500,22.0000,1.6621,1.6621
-0.8000,22.0500,1.6919,1.6919
-0.8500,22.0500,1.6763,1.6763
-0.9000,22.1000,1.7088,1.7088
-0.9500,22.1000,1.6919,1.6919
-1.0000,22.1500,1.7219,1.7219
-1.0500,22.1500,1.7088,1.7088
-1.1000,22.2000,1.7241,1.7241
-1.1500,22.2000,1.7241,1.7241
-1.2000,22.2500,1.7335,1.7335
-1.2500,22.2500,1.7393,1.7393
-1.3000,22.2500,1.7205,1.7205
-1.3500,22.2500,1.6919,1.6919
-1.4000,22.3000,1.7066,1.7066
-1.4500,22.3000,1.6808,1.6808
-1.5000,22.3000,1.6560,1.6560
-1.5500,22.3500,1.6771,1.6771
-1.6000,22.3500,1.6553,1.6553
-1.6500,22.4000,1.6808,1.6808
-1.7000,22.4000,1.6621,1.6621
-1.7500,22.4000,1.6447,1.6447
-1.8000,22.4500,1.6763,1.6763
-1.8500,22.4500,1.6621,1.6621
-1.9000,22.4500,1.6492,1.6492
-1.9500,22.5000,1.6867,1.6867
-2.0000,22.5000,1.6771,1.6771
-2.0500,22.5500,1.7183,1.7183
-2.1000,22.5500,1.7117,1.7117
-2.1500,22.6000,1.7564,1.7564
-2.2000,22.6000,1.7529,1.7529
-2.2500,22.6000,1.7507,1.7507
-2.3000,22.6000,1.7393,1.7393
-2.3500,22.6500,1.7720,1.7720
-2.4000,22.6500,1.7557,1.7557
-2.4500,22.7000,1.7868,1.7868
-2.5000,22.7000,1.7720,1.7720
-2.5500,22.7000,1.7557,1.7557
-2.6000,22.7500,1.7868,1.7868
-2.6500,22.7500,1.7720,1.7720
-2.7000,22.7500,1.7557,1.7557
-2.7500,22.8000,1.7868,1.7868
-2.8000,22.8000,1.7720,1.7720
-2.8500,22.8500,1.8028,1.8028
-2.9000,22.8500,1.7868,1.7868
-2.9500,22.8500,1.7720,1.7720
-3.0000,22.9000,1.8028,1.8028
-3.0500,22.9500,1.8344,1.8344
-3.1000,22.9500,1.8200,1.8200
-3.1500,22.9500,1.8028,1.8028
-3.2000,23.0000,1.8344,1.8344
-3.2500,23.0000,1.8200,1.8200
-3.3000,23.0500,1.8500,1.8500
-3.3500,23.1000,1.8822,1.8822
-3.4000,23.1000,1.8668,1.8668
-3.4500,23.1500,1.8974,1.8974
-3.5000,23.1500,1.8788,1.8788
-3.5500,23.2000,1.9039,1.9039
-3.6000,23.2000,1.8848,1.8848
-3.6500,23.2500,1.9039,1.9039
-3.7000,23.2500,1.8974,1.8974
-3.7500,23.2500,1.8822,1.8822
-3.8000,23.3000,1.9039,1.9039
-3.8500,23.3000,1.8795,1.8795
-3.9000,23.3000,1.8561,1.8561
-3.9500,23.3500,1.8788,1.8788
-4.0000,23.3500,1.8581,1.8581
-4.0500,23.4000,1.8682,1.8682
-4.1000,23.4000,1.8668,1.8668
-4.1500,23.4000,1.8500,1.8500
-4.2000,23.4500,1.8554,1.8554
-4.2500,23.4500,1.8668,1.8668
-4.3000,23.5000,1.8344,1.8344
-4.3500,23.5000,1.8500,1.8500
-4.4000,23.5500,1.8200,1.8200
-4.4500,23.5500,1.8337,1.8337
-4.5000,23.5500,1.8439,1.8439
-4.5500,23.6000,1.8069,1.8069
-4.6000,23.6000,1.8200,1.8200
-4.6500,23.6500,1.7847,1.7847
-4.7000,23.6500,1.7951,1.7951
-4.7500,23.6500,1.8069,1.8069
-4.8000,23.6500,1.8173,1.8173
-4.8500,23.6500,1.8248,1.8248
-4.9000,23.6500,1.8337,1.8337
-4.9500,23.6500,1.8180,1.8180
-5.0000,23.7000,1.8069,1.8069
-5.0500,23.7000,1.8118,1.8118
-5.1000,23.7500,1.7755,1.7755
-5.1500,23.7500,1.7847,1.7847
-5.2000,23.7500,1.7923,1.7923
-5.2500,23.8000,1.7586,1.7586
-5.3000,23.8000,1.7678,1.7678
-5.3500,23.8000,1.7755,1.7755
-5.4000,23.8500,1.7357,1.7357
-5.4500,23.8500,1.7464,1.7464
-5.5000,23.8500,1.7586,1.7586
-5.5500,23.8500,1.7720,1.7720
-5.6000,23.9000,1.7357,1.7357
-5.6500,23.9000,1.7464,1.7464
-5.7000,23.9000,1.7586,1.7586
-5.7500,23.9000,1.7720,1.7720
-5.8000,23.9500,1.7393,1.7393
-5.8500,23.9500,1.7557,1.7557
-5.9000,23.9500,1.7734,1.7734
-5.9500,23.9500,1.7868,1.7868
-6.0000,23.9500,1.7720,1.7720
-6.0500,24.0000,1.7868,1.7868
-6.1000,24.0000,1.7868,1.7868
-6.1500,24.0000,1.7671,1.7671
-6.2000,24.0000,1.7464,1.7464
-6.2500,24.0500,1.7734,1.7734
-6.3000,24.0500,1.7557,1.7557
-6.3500,24.0500,1.7393,1.7393
-6.4000,24.1000,1.7720,1.7720
-6.4500,24.1000,1.7586,1.7586
-6.5000,24.1000,1.7464,1.7464
-6.5500,24.1500,1.7847,1.7847
-6.6000,24.1500,1.7755,1.7755
-6.6500,24.1500,1.7678,1.7678
-6.7000,24.2000,1.8028,1.8028
-6.7500,24.2000,1.7868,1.7868
-6.8000,24.2500,1.7923,1.7923
-6.8500,24.2500,1.8028,1.8028
-6.9000,24.3000,1.7889,1.7889
-6.9500,24.3000,1.8118,1.8118
-7.0000,24.3000,1.8028,1.8028
-7.0500,24.3000,1.7868,1.7868
-7.1000,24.3500,1.8200,1.8200
-7.1500,24.3500,1.8028,1.8028
-7.2000,24.3500,1.7868,1.7868
-7.2500,24.3500,1.7671,1.7671
-7.3000,24.3500,1.7443,1.7443
-7.3500,24.4000,1.7671,1.7671
-7.4000,24.4000,1.7464,1.7464
-7.4500,24.4500,1.7734,1.7734
-7.5000,24.4500,1.7557,1.7557
-7.5500,24.5000,1.7868,1.7868
-7.6000,24.5000,1.7720,1.7720
-7.6500,24.5500,1.8069,1.8069
-7.7000,24.5500,1.7951,1.7951
-7.7500,24.5500,1.7847,1.7847
-7.8000,24.6000,1.8248,1.8248
-7.8500,24.6000,1.8173,1.8173
-7.9000,24.6000,1.8111,1.8111
-7.9500,24.6500,1.8561,1.8561
-8.0000,24.6500,1.8500,1.8500
-8.0500,24.6500,1.8344,1.8344
-8.1000,24.7000,1.8668,1.8668
-8.1500,24.7000,1.8500,1.8500
-8.2000,24.7500,1.8822,1.8822
-8.2500,24.7500,1.8668,1.8668
-8.3000,24.8000,1.8974,1.8974
-8.3500,24.8000,1.8822,1.8822
-8.4000,24.8000,1.8668,1.8668
-8.4500,24.8500,1.8974,1.8974
-8.5000,24.8500,1.8822,1.8822
-8.5500,24.9000,1.9138,1.9138
-8.6000,24.9000,1.8974,1.8974
-8.6500,24.9500,1.8974,1.8974
-8.7000,24.9500,1.9039,1.9039
-8.7500,24.9500,1.8848,1.8848
-8.8000,25.0000,1.8974,1.8974
-8.8500,25.0000,1.8974,1.8974
-8.9000,25.0500,1.8822,1.8822
-8.9500,25.0500,1.8974,1.8974
-9.0000,25.0500,1.8974,1.8974
-9.0500,25.0500,1.8822,1.8822
-9.1000,25.1000,1.8927,1.8927
-9.1500,25.1000,1.8974,1.8974
-9.2000,25.1500,1.8682,1.8682
-9.2500,25.1500,1.8822,1.8822
-9.3000,25.1500,1.8927,1.8927
-9.3500,25.2000,1.8554,1.8554
-9.4000,25.2000,1.8668,1.8668
-9.4500,25.2000,1.8742,1.8742
-9.5000,25.2500,1.8337,1.8337
-9.5500,25.2500,1.8439,1.8439
-9.6000,25.2500,1.8554,1.8554
-9.6500,25.2500,1.8668,1.8668
-9.7000,25.3000,1.8248,1.8248
-9.7500,25.3000,1.8337,1.8337
-9.8000,25.3000,1.8439,1.8439
-9.8500,25.3500,1.8062,1.8062
-9.9000,25.3500,1.8111,1.8111
-9.9500,25.3500,1.8173,1.8173
-10.0000,25.4000,1.7755,1.7755
-10.0500,25.4000,1.7847,1.7847
-10.1000,25.4000,1.7951,1.7951
-10.1500,25.4000,1.8062,1.8062
-10.2000,25.4500,1.7614,1.7614
-10.2500,25.4500,1.7678,1.7678
-10.3000,25.4500,1.7755,1.7755
-10.3500,25.4500,1.7847,1.7847
-10.4000,25.5000,1.7464,1.7464
-10.4500,25.5000,1.7529,1.7529
-10.5000,25.5000,1.7564,1.7564
-10.5500,25.5000,1.7614,1.7614
-10.6000,25.5000,1.7678,1.7678
-10.6500,25.5500,1.7263,1.7263
-10.7000,25.5500,1.7357,1.7357
-10.7500,25.5500,1.7464,1.7464
-10.8000,25.6000,1.7103,1.7103
-10.8500,25.6000,1.7183,1.7183
-10.9000,25.6000,1.7263,1.7263
-10.9500,25.6000,1.7357,1.7357
-11.0000,25.6500,1.6978,1.6978
-11.0500,25.6500,1.7103,1.7103
-11.1000,25.6500,1.7183,1.7183
-11.1500,25.6500,1.7263,1.7263
-11.2000,25.6500,1.7357,1.7357
-11.2500,25.7000,1.6978,1.6978
-11.3000,25.7000,1.7103,1.7103
-11.3500,25.7000,1.7241,1.7241
-11.4000,25.7000,1.7357,1.7357
-11.4500,25.7500,1.6978,1.6978
-11.5000,25.7500,1.7103,1.7103
-11.5500,25.7500,1.7241,1.7241
-11.6000,25.8000,1.6919,1.6919
-11.6500,25.8000,1.7088,1.7088
-11.7000,25.8000,1.7241,1.7241
-11.7500,25.8500,1.6919,1.6919
-11.8000,25.8500,1.7088,1.7088
-11.8500,25.8500,1.7270,1.7270
-11.9000,25.9000,1.7007,1.7007
-11.9500,25.9000,1.7219,1.7219
-12.0000,25.9000,1.7443,1.7443
-12.0500,25.9500,1.7219,1.7219
-12.1000,25.9500,1.7443,1.7443
-12.1500,25.9500,1.7493,1.7493
-12.2000,25.9500,1.7241,1.7241
-12.2500,26.0000,1.7443,1.7443
-12.3000,26.0000,1.7219,1.7219
-12.3500,26.0000,1.7007,1.7007
-12.4000,26.0500,1.7270,1.7270
-12.4500,26.0500,1.7088,1.7088
-12.5000,26.0500,1.6919,1.6919
-12.5500,26.1000,1.7241,1.7241
-12.6000,26.1000,1.7088,1.7088
-12.6500,26.1000,1.6919,1.6919
-12.7000,26.1500,1.7117,1.7117
-12.7500,26.2000,1.6688,1.6688
-12.8000,26.2000,1.6771,1.6771
-12.8500,26.2000,1.6867,1.6867
-12.9000,26.2500,1.6492,1.6492
-12.9500,26.2500,1.6500,1.6500
-13.0000,26.3000,1.6000,1.6000
-13.0500,26.3000,1.6000,1.6000
-13.1000,26.3000,1.6000,1.6000
-13.1500,26.3000,1.6000,1.6000
-13.2000,26.3000,1.6000,1.6000
-13.2500,26.3500,1.5500,1.5500
-13.3000,26.3500,1.5500,1.5500
-13.3500,26.3500,1.5500,1.5500
-13.4000,26.4000,1.5000,1.5000
-13.4500,26.4000,1.5000,1.5000
-13.5000,26.4000,1.5000,1.5000
-13.5500,26.4000,1.5000,1.5000
-13.6000,26.4000,1.5008,1.5008
-13.6500,26.4500,1.4534,1.4534
-13.7000,26.4500,1.4577,1.4577
-13.7500,26.4500,1.4637,1.4637
-13.8000,26.4500,1.4714,1.4714
-13.8500,26.4500,1.4807,1.4807
-13.9000,26.5000,1.4431,1.4431
-13.9500,26.5000,1.4509,1.4509
-14.0000,26.5000,1.4534,1.4534
-14.0500,26.5000,1.4577,1.4577
-14.1000,26.5000,1.4637,1.4637
-14.1500,26.5000,1.4714,1.4714
-14.2000,26.5000,1.4807,1.4807
-14.2500,26.5000,1.4916,1.4916
-14.3000,26.5000,1.5033,1.5033
-14.3500,26.5000,1.5075,1.5075
-14.4000,26.5000,1.5133,1.5133
-14.4500,26.5000,1.5042,1.5042
-14.5000,26.5000,1.4866,1.4866
-14.5500,26.5000,1.4705,1.4705
-14.6000,26.5000,1.4560,1.4560
-14.6500,26.5000,1.4431,1.4431
-14.7000,26.5000,1.4318,1.4318
-14.7500,26.5000,1.4221,1.4221
-14.8000,26.5000,1.4142,1.4142
-14.8500,26.5000,1.4080,1.4080
-14.9000,26.5000,1.4036,1.4036
-14.9500,26.5000,1.4009,1.4009
-15.0000,26.5000,1.4000,1.4000
-15.0500,26.4500,1.3500,1.3500
-15.1000,26.4500,1.3500,1.3500
-15.1500,26.4500,1.3509,1.3509
-15.2000,26.4000,1.3038,1.3038
-15.2500,26.4000,1.3086,1.3086
-15.3000,26.4000,1.3153,1.3153
-15.3500,26.3500,1.2748,1.2748
-15.4000,26.3500,1.2855,1.2855
-15.4500,26.3000,1.2500,1.2500
-15.5000,26.3000,1.2649,1.2649
-15.5500,26.2500,1.2349,1.2349
-15.6000,26.2000,1.2083,1.2083
-15.6500,26.2000,1.2298,1.2298
-15.7000,26.1500,1.2093,1.2093
-15.7500,26.1500,1.1769,1.1769
-15.8000,26.1000,1.1402,1.1402
-15.8500,26.0500,1.1068,1.1068
-15.9000,26.0000,1.0689,1.0689
-15.9000,25.9500,1.0794,1.0794
-15.9500,25.9000,1.0440,1.0440
-16.0000,25.8500,1.0124,1.0124
-16.0000,25.8000,1.0308,1.0308
-16.0000,25.7500,1.0440,1.0440
-16.0500,25.7000,1.0050,1.0050
-16.0500,25.6500,1.0112,1.0112
-16.0500,25.6000,1.0198,1.0198
-16.1000,25.5500,0.9823,0.9823
-16.1000,25.5000,0.9962,0.9962
-16.1000,25.4500,1.0124,1.0124
-16.1500,25.4000,0.9849,0.9849
-16.1500,25.3500,1.0062,1.0062
-16.1500,25.3000,1.0296,1.0296
-16.1500,25.2500,1.0124,1.0124
-16.1500,25.2000,0.9962,0.9962
-16.2000,25.1500,1.0308,1.0308
-16.2000,25.1000,1.0124,1.0124
-16.2500,25.0500,1.0308,1.0308
-16.2500,25.0000,1.0308,1.0308
-16.3000,24.9500,1.0296,1.0296
-16.3000,24.9000,1.0512,1.0512
-16.3000,24.8500,1.0308,1.0308
-16.3500,24.8000,1.0440,1.0440
-16.3500,24.7500,1.0440,1.0440
-16.4000,24.7000,1.0198,1.0198
-16.4500,24.6500,0.9823,0.9823
-16.5000,24.6000,0.9487,0.9487
-16.5000,24.5500,0.9657,0.9657
-16.5500,24.5000,0.9341,0.9341
-16.6000,24.4500,0.9014,0.9014
-16.6000,24.4000,0.9014,0.9014
-16.6000,24.3500,0.9000,0.9000
-16.6500,24.3000,0.8500,0.8500
-16.6500,24.2500,0.8500,0.8500
-16.7000,24.2000,0.8000,0.8000
-16.7000,24.1500,0.8000,0.8000
-16.7000,24.1000,0.8016,0.8016
-16.7000,24.0500,0.8062,0.8062
-16.7000,24.0000,0.8139,0.8139
-16.7500,23.9500,0.7762,0.7762
-16.7500,23.9000,0.7906,0.7906
-16.7500,23.8500,0.8078,0.8078
-16.7500,23.8000,0.8276,0.8276
-16.7500,23.7500,0.8276,0.8276
-16.7500,23.7000,0.8078,0.8078
-16.8000,23.6500,0.8382,0.8382
-16.8000,23.6000,0.8246,0.8246
-16.8500,23.5500,0.8246,0.8246
-16.8500,23.5000,0.8382,0.8382
-16.8500,23.4500,0.8500,0.8500
-16.9000,23.4000,0.8276,0.8276
-16.9000,23.3500,0.8500,0.8500
-16.9000,23.3000,0.8382,0.8382
-16.9500,23.2500,0.8382,0.8382
-16.9500,23.2000,0.8500,0.8500
-17.0000,23.1500,0.8276,0.8276
-17.0000,23.1000,0.8500,0.8500
-17.0000,23.0500,0.8382,0.8382
-17.0500,23.0000,0.8382,0.8382
-17.0500,22.9500,0.8544,0.8544
-17.0500,22.9000,0.8382,0.8382
-17.0500,22.8500,0.8246,0.8246
-17.0500,22.8000,0.8139,0.8139
-17.0500,22.7500,0.8062,0.8062
-17.1000,22.7000,0.8515,0.8515
-17.1000,22.6500,0.8500,0.8500
-17.1500,22.6000,0.9000,0.9000
-17.1500,22.5500,0.9014,0.9014
-17.1500,22.5000,0.9055,0.9055
-17.2000,22.4500,0.9487,0.9487
-17.2500,22.4000,0.9394,0.9394
-17.2500,22.3500,0.9513,0.9513
-17.2500,22.3000,0.9394,0.9394
-17.3000,22.2500,0.9055,0.9055
-17.3000,22.2000,0.9014,0.9014
-17.3500,22.1500,0.8500,0.8500
-17.3500,22.1000,0.8500,0.8500
-17.3500,22.0500,0.8515,0.8515
-17.4000,22.0000,0.8062,0.8062
-17.4000,21.9500,0.8139,0.8139
-17.4000,21.9000,0.8246,0.8246
-17.4000,21.8500,0.8382,0.8382
-17.4000,21.8000,0.8544,0.8544
-17.4500,21.7500,0.8276,0.8276
-17.4500,21.7000,0.8500,0.8500
-17.4500,21.6500,0.8732,0.8732
-17.5000,21.6000,0.8602,0.8602
-17.5000,21.5500,0.8732,0.8732
-17.5500,21.5000,0.8746,0.8746
-17.5500,21.4500,0.8732,0.8732
-17.6000,21.4000,0.8902,0.8902
-17.6000,21.3500,0.8732,0.8732
-17.6500,21.3000,0.8732,0.8732
-17.7000,21.2500,0.8382,0.8382
-17.7000,21.2000,0.8500,0.8500
-17.7500,21.1500,0.8000,0.8000
-17.7500,21.1000,0.8016,0.8016
-17.7500,21.0500,0.8062,0.8062
-17.8000,21.0000,0.7649,0.7649
-17.8000,20.9500,0.7762,0.7762
-17.8000,20.9000,0.7906,0.7906
-17.8000,20.8500,0.7762,0.7762
-17.8000,20.8000,0.7649,0.7649
-17.8500,20.7500,0.7071,0.7071
-17.8500,20.7000,0.7018,0.7018
-17.8500,20.6500,0.7000,0.7000
-17.8500,20.6000,0.7018,0.7018
-17.8500,20.5500,0.7071,0.7071
-17.8500,20.5000,0.7159,0.7159
-17.9000,20.4500,0.6801,0.6801
-17.9000,20.4000,0.6964,0.6964
-17.9000,20.3500,0.7159,0.7159
-17.9000,20.3000,0.7159,0.7159
-17.9500,20.2500,0.7211,0.7211
-17.9500,20.2000,0.7280,0.7280
-17.9500,20.1500,0.7159,0.7159
-18.0000,20.1000,0.7566,0.7566
-18.0000,20.0500,0.7433,0.7433
-18.0000,20.0000,0.7280,0.7280
-18.0500,19.9500,0.7649,0.7649
-18.1000,19.9000,0.8062,0.8062
-18.1000,19.8500,0.8016,0.8016
-18.1000,19.8000,0.8000,0.8000
-18.1000,19.7500,0.7906,0.7906
-18.1500,19.7000,0.8246,0.8246
-18.1500,19.6500,0.8139,0.8139
-18.2000,19.6000,0.8559,0.8559
-18.2000,19.5500,0.8515,0.8515
-18.2000,19.5000,0.8500,0.8500
-18.2000,19.4500,0.8500,0.8500
-18.2500,19.4000,0.8860,0.8860
-18.2500,19.3500,0.8732,0.8732
-18.2500,19.3000,0.8631,0.8631
-18.3000,19.2500,0.9000,0.9000
-18.3000,19.2000,0.9000,0.9000
-18.3000,19.1500,0.9000,0.9000
-18.3000,19.1000,0.9000,0.9000
-18.3000,19.0500,0.8860,0.8860
-18.3500,19.0000,0.8732,0.8732
-18.3500,18.9500,0.8860,0.8860
-18.3500,18.9000,0.9014,0.9014
-18.4000,18.8500,0.8732,0.8732
-18.4000,18.8000,0.8944,0.8944
-18.4000,18.7500,0.9179,0.9179
-18.4000,18.7000,0.9179,0.9179
-18.4500,18.6500,0.9301,0.9301
-18.4500,18.6000,0.9179,0.9179
-18.5000,18.5500,0.9394,0.9394
-18.5000,18.5000,0.9179,0.9179
-18.5500,18.4500,0.9394,0.9394
-18.6000,18.4000,0.9192,0.9192
-18.6000,18.3500,0.9341,0.9341
-18.6500,18.3000,0.9014,0.9014
-18.6500,18.2500,0.9124,0.9124
-18.6500,18.2000,0.9192,0.9192
-18.7000,18.1500,0.8860,0.8860
-18.7000,18.1000,0.9014,0.9014
-18.7500,18.0500,0.8559,0.8559
-18.7500,18.0000,0.8631,0.8631
-18.7500,17.9500,0.8732,0.8732
-18.7500,17.9000,0.8860,0.8860
-18.8000,17.8500,0.8515,0.8515
-18.8000,17.8000,0.8559,0.8559
-18.8000,17.7500,0.8631,0.8631
-18.8500,17.7000,0.8246,0.8246
-18.8500,17.6500,0.8382,0.8382
-18.9000,17.6000,0.8000,0.8000
-18.9000,17.5500,0.8016,0.8016
-18.9000,17.5000,0.8062,0.8062
-18.9000,17.4500,0.8139,0.8139
-18.9000,17.4000,0.8246,0.8246
-18.9000,17.3500,0.8246,0.8246
-18.9500,17.3000,0.8078,0.8078
-18.9500,17.2500,0.8276,0.8276
-18.9500,17.2000,0.8500,0.8500
-18.9500,17.1500,0.8500,0.8500
-19.0000,17.1000,0.8544,0.8544
-19.0000,17.0500,0.8500,0.8500
-19.0500,17.0000,0.8382,0.8382
-19.1000,16.9500,0.8078,0.8078
-19.1000,16.9000,0.8246,0.8246
-19.1000,16.8500,0.8322,0.8322
-19.1500,16.8000,0.8078,0.8078
-19.1500,16.7500,0.8276,0.8276
-19.2000,16.7000,0.8062,0.8062
-19.2000,16.6500,0.8276,0.8276
-19.2500,16.6000,0.8062,0.8062
-19.2500,16.5500,0.8246,0.8246
-19.3000,16.5000,0.7906,0.7906
-19.3000,16.4500,0.8078,0.8078
-19.3000,16.4000,0.8078,0.8078
-19.3500,16.3500,0.8062,0.8062
-19.3500,16.3000,0.8246,0.8246
-19.4000,16.2500,0.8062,0.8062
-19.4000,16.2000,0.8139,0.8139
-19.4500,16.1500,0.7762,0.7762
-19.4500,16.1000,0.7649,0.7649
-19.5000,16.0500,0.7071,0.7071
-19.5000,16.0000,0.7018,0.7018
-19.5000,15.9500,0.7000,0.7000
-19.5000,15.9000,0.7018,0.7018
-19.5000,15.8500,0.7071,0.7071
-19.5500,15.8000,0.6671,0.6671
-19.5500,15.7500,0.6801,0.6801
-19.5500,15.7000,0.6964,0.6964
-19.5500,15.6500,0.7159,0.7159
-19.6000,15.6000,0.6946,0.6946
-19.6000,15.5500,0.7159,0.7159
-19.6500,15.5000,0.7106,0.7106
-19.6500,15.4500,0.7159,0.7159
-19.7000,15.4000,0.7382,0.7382
-19.7500,15.3500,0.7280,0.7280
-19.7500,15.3000,0.7433,0.7433
-19.8000,15.2500,0.7071,0.7071
-19.8000,15.2000,0.7159,0.7159
-19.8000,15.1500,0.7280,0.7280
-19.8500,15.1000,0.6964,0.6964
-19.8500,15.0500,0.7071,0.7071
-19.8500,15.0000,0.7159,0.7159
-19.9000,14.9500,0.6801,0.6801
-19.9000,14.9000,0.6964,0.6964
-19.9000,14.8500,0.6964,0.6964
-19.9500,14.8000,0.6576,0.6576
-19.9500,14.7500,0.6671,0.6671
-19.9500,14.7000,0.6801,0.6801
-20.0000,14.6500,0.6500,0.6500
-20.0000,14.6000,0.6576,0.6576
-20.0000,14.5500,0.6671,0.6671
-20.0500,14.5000,0.6325,0.6325
-20.0500,14.4500,0.6500,0.6500
-20.0500,14.4000,0.6500,0.6500
-20.1000,14.3500,0.6000,0.6000
-20.1000,14.3000,0.6021,0.6021
-20.1000,14.2500,0.6083,0.6083
-20.1000,14.2000,0.6185,0.6185
-20.1500,14.1500,0.5852,0.5852
-20.1500,14.1000,0.6042,0.6042
-20.1500,14.0500,0.6185,0.6185
-20.1500,14.0000,0.6083,0.6083
-20.1500,13.9500,0.6021,0.6021
-20.2000,13.9000,0.6325,0.6325
-20.2000,13.8500,0.6500,0.6500
-20.2000,13.8000,0.6500,0.6500
-20.2000,13.7500,0.6500,0.6500
-20.2000,13.7000,0.6500,0.6500
-20.2000,13.6500,0.6500,0.6500
-20.2000,13.6000,0.6500,0.6500
-20.2000,13.5500,0.6500,0.6500
-20.2000,13.5000,0.6500,0.6500
-20.2000,13.4500,0.6500,0.6500
-20.2000,13.4000,0.6519,0.6519
-20.2000,13.3500,0.6500,0.6500
-20.2000,13.3000,0.6500,0.6500
-20.2000,13.2500,0.6500,0.6500
-20.2000,13.2000,0.6500,0.6500
-20.2000,13.1500,0.6519,0.6519
-20.2000,13.1000,0.6576,0.6576
-20.2000,13.0500,0.6671,0.6671
-20.2500,13.0000,0.6325,0.6325
-20.2500,12.9500,0.6500,0.6500
-20.2500,12.9000,0.6500,0.6500
-20.2500,12.8500,0.6500,0.6500
-20.2500,12.8000,0.6500,0.6500
-20.2500,12.7500,0.6500,0.6500
-20.2500,12.7000,0.6500,0.6500
-20.2500,12.6500,0.6500,0.6500
-20.2500,12.6000,0.6500,0.6500
-20.2500,12.5500,0.6500,0.6500
-20.2500,12.5000,0.6500,0.6500
-20.2500,12.4500,0.6500,0.6500
-20.2500,12.4000,0.6500,0.6500
-20.2500,12.3500,0.6500,0.6500
-20.2500,12.3000,0.6325,0.6325
-20.2500,12.2500,0.6185,0.6185
-20.2500,12.2000,0.6083,0.6083
-20.2500,12.1500,0.6021,0.6021
-20.3000,12.1000,0.5500,0.5500
-20.3000,12.0500,0.5500,0.5500
-20.3000,12.0000,0.5500,0.5500
-20.3000,11.9500,0.5500,0.5500
-20.3000,11.9000,0.5500,0.5500
-20.3000,11.8500,0.5500,0.5500
-20.3000,11.8000,0.5500,0.5500
-20.3500,11.7500,0.5000,0.5000
-20.3500,11.7000,0.5000,0.5000
-20.3500,11.6500,0.5025,0.5025
-20.3500,11.6000,0.5099,0.5099
-20.3500,11.5500,0.5220,0.5220
-20.3500,11.5000,0.5385,0.5385
-20.4000,11.4500,0.5148,0.5148
-20.4000,11.4000,0.5385,0.5385
-20.4000,11.3500,0.5523,0.5523
-20.4500,11.3000,0.5408,0.5408
-20.4500,11.2500,0.5590,0.5590
-20.5000,11.2000,0.5590,0.5590
-20.5000,11.1500,0.5701,0.5701
-20.5000,11.1000,0.5590,0.5590
-20.5500,11.0500,0.5831,0.5831
-20.5500,11.0000,0.5852,0.5852
-20.6000,10.9500,0.6021,0.6021
-20.6000,10.9000,0.6042,0.6042
-20.6500,10.8500,0.6325,0.6325
-20.7000,10.8000,0.6364,0.6364
-20.7000,10.7500,0.6265,0.6265
-20.7500,10.7000,0.6500,0.6500
-20.7500,10.6500,0.6325,0.6325
-20.8000,10.6000,0.6671,0.6671
-20.8500,10.5500,0.7071,0.7071
-20.8500,10.5000,0.6964,0.6964
-20.8500,10.4500,0.6801,0.6801
-20.9000,10.4000,0.7159,0.7159
-20.9500,10.3500,0.7566,0.7566
-20.9500,10.3000,0.7517,0.7517
-21.0000,10.2500,0.7906,0.7906
-21.0000,10.2000,0.7762,0.7762
-21.0500,10.1500,0.8078,0.8078
-21.1000,10.1000,0.8382,0.8382
-21.1000,10.0500,0.8246,0.8246
-21.1500,10.0000,0.8631,0.8631
-21.1500,9.9500,0.8544,0.8544
-21.2000,9.9000,0.8860,0.8860
-21.2000,9.8500,0.8732,0.8732
-21.2000,9.8000,0.8631,0.8631
-21.2500,9.7500,0.9055,0.9055
-21.2500,9.7000,0.9014,0.9014
-21.2500,9.6500,0.9000,0.9000
-21.2500,9.6000,0.9000,0.9000
-21.3000,9.5500,0.9500,0.9500
-21.3000,9.5000,0.9500,0.9500
-21.3000,9.4500,0.9500,0.9500
-21.3000,9.4000,0.9500,0.9500
-21.3000,9.3500,0.9513,0.9513
-21.3500,9.3000,1.0050,1.0050
-21.3500,9.2500,1.0112,1.0112
-21.3500,9.2000,1.0198,1.0198
-21.3500,9.1500,1.0308,1.0308
-21.3500,9.1000,1.0440,1.0440
-21.4000,9.0500,1.1000,1.1000
-21.4000,9.0000,1.1000,1.1000
-21.4000,8.9500,1.1000,1.1000
-21.4500,8.9000,1.1068,1.1068
-21.4500,8.8500,1.1236,1.1236
-21.5000,8.8000,1.0920,1.0920
-21.5000,8.7500,1.1068,1.1068
-21.5000,8.7000,1.1236,1.1236
-21.5000,8.6500,1.1180,1.1180
-21.5500,8.6000,1.1068,1.1068
-21.5500,8.5500,1.1236,1.1236
-21.5500,8.5000,1.1068,1.1068
-21.6000,8.4500,1.1068,1.1068
-21.6000,8.4000,1.1236,1.1236
-21.6500,8.3500,1.0920,1.0920
-21.6500,8.3000,1.1068,1.1068
-21.6500,8.2500,1.1236,1.1236
-21.7000,8.2000,1.0920,1.0920
-21.7000,8.1500,1.1068,1.1068
-21.7000,8.1000,1.1236,1.1236
-21.7000,8.0500,1.1068,1.1068
-21.7500,8.0000,1.1068,1.1068
-21.7500,7.9500,1.1236,1.1236
-21.7500,7.9000,1.1068,1.1068
-21.8000,7.8500,1.1068,1.1068
-21.8000,7.8000,1.1236,1.1236
-21.8500,7.7500,1.0920,1.0920
-21.8500,7.7000,1.1068,1.1068
-21.8500,7.6500,1.1236,1.1236
-21.9000,7.6000,1.0920,1.0920
-21.9000,7.5500,1.1068,1.1068
-21.9000,7.5000,1.1236,1.1236
-21.9000,7.4500,1.1068,1.1068
-21.9500,7.4000,1.1068,1.1068
-21.9500,7.3500,1.1236,1.1236
-21.9500,7.3000,1.1068,1.1068
-22.0000,7.2500,1.1045,1.1045
-22.0000,7.2000,1.1102,1.1102
-22.0000,7.1500,1.1180,1.1180
-22.0500,7.1000,1.0794,1.0794
-22.0500,7.0500,1.0920,1.0920
-22.0500,7.0000,1.1068,1.1068
-22.1000,6.9500,1.0770,1.0770
-22.1000,6.9000,1.0920,1.0920
-22.1000,6.8500,1.1045,1.1045
-22.1500,6.8000,1.0607,1.0607
-22.1500,6.7500,1.0689,1.0689
-22.1500,6.7000,1.0794,1.0794
-22.1500,6.6500,1.0920,1.0920
-22.2000,6.6000,1.0512,1.0512
-22.2000,6.5500,1.0548,1.0548
-22.2000,6.5000,1.0607,1.0607
-22.2000,6.4500,1.0689,1.0689
-22.2000,6.4000,1.0770,1.0770
-22.2000,6.3500,1.0595,1.0595
-22.2000,6.3000,1.0440,1.0440
-22.2000,6.2500,1.0308,1.0308
-22.2500,6.2000,1.0607,1.0607
-22.2500,6.1500,1.0607,1.0607
-22.2500,6.1000,1.0548,1.0548
-22.2500,6.0500,1.0512,1.0512
-22.2500,6.0000,1.0500,1.0500
-22.2500,5.9500,1.0500,1.0500
-22.2500,5.9000,1.0500,1.0500
-22.2500,5.8500,1.0500,1.0500
-22.2500,5.8000,1.0512,1.0512
-22.2500,5.7500,1.0548,1.0548
-22.2500,5.7000,1.0607,1.0607
-22.2500,5.6500,1.0689,1.0689
-22.3000,5.6500,1.1180,1.1180
-22.3500,5.6500,1.0920,1.0920
-22.4000,5.6000,1.0595,1.0595
-22.4500,5.5500,1.0198,1.0198
-22.2000,5.6000,1.0308,1.0308
-22.2000,5.5500,1.0440,1.0440
-22.1500,5.5000,1.0124,1.0124
-22.1500,5.4500,1.0308,1.0308
-22.1000,5.4000,1.0062,1.0062
-22.1000,5.3500,0.9849,0.9849
-22.0500,5.3000,0.9618,0.9618
-22.0000,5.2500,0.9434,0.9434
-21.9500,5.2500,0.9605,0.9605
-21.9000,5.2000,0.9552,0.9552
-21.8500,5.1500,0.9434,0.9434
-21.8000,5.1000,0.9124,0.9124
-21.7500,5.1000,0.9220,0.9220
-21.7000,5.0500,0.8860,0.8860
-21.6500,5.0500,0.9014,0.9014
-21.6000,5.0000,0.8732,0.8732
-21.5500,5.0000,0.8944,0.8944
-21.5000,5.0000,0.9014,0.9014
-21.4500,5.0000,0.8860,0.8860
-21.4000,4.9500,0.9179,0.9179
-21.3500,4.9500,0.9014,0.9014
-21.3000,4.9000,0.9179,0.9179
-21.2500,4.9000,0.9179,0.9179
-21.2000,4.8500,0.9179,0.9179
-21.1500,4.8500,0.9192,0.9192
-21.1000,4.8500,0.9014,0.9014
-21.0500,4.8000,0.9192,0.9192
-21.0000,4.8000,0.9220,0.9220
-20.9500,4.7500,0.9014,0.9014
-20.9000,4.7500,0.9192,0.9192
-20.8500,4.7500,0.9341,0.9341
-20.8000,4.7000,0.9014,0.9014
-20.7500,4.7000,0.9192,0.9192
-20.7000,4.7000,0.9341,0.9341
-20.6500,4.6500,0.9014,0.9014
-20.6000,4.6500,0.9192,0.9192
-20.5500,4.6500,0.9341,0.9341
-20.5000,4.6500,0.9192,0.9192
-20.4500,4.6000,0.9192,0.9192
-20.4000,4.6000,0.9341,0.9341
-20.3500,4.5500,0.9179,0.9179
-20.3000,4.5500,0.9341,0.9341
-20.2500,4.5500,0.9394,0.9394
-20.2000,4.5000,0.9192,0.9192
-20.1500,4.5000,0.9341,0.9341
-20.1000,4.5000,0.9341,0.9341
-20.0500,4.5000,0.9192,0.9192
-20.0000,4.5000,0.9014,0.9014
-19.9500,4.4500,0.9341,0.9341
-19.9000,4.4500,0.9220,0.9220
-19.8500,4.4500,0.9124,0.9124
-19.8000,4.4000,0.9552,0.9552
-19.7500,4.4000,0.9513,0.9513
-19.7000,4.4000,0.9500,0.9500
-19.6500,4.3500,0.9962,0.9962
-19.6000,4.3500,0.9823,0.9823
-19.5500,4.3000,0.9962,0.9962
-19.5000,4.3000,1.0062,1.0062
-19.4500,4.2500,0.9823,0.9823
-19.4000,4.2500,0.9962,0.9962
-19.3500,4.2500,0.9849,0.9849
-19.3000,4.2000,0.9849,0.9849
-19.2500,4.2000,0.9962,0.9962
-19.2000,4.1500,0.9708,0.9708
-19.1500,4.1500,0.9823,0.9823
-19.1000,4.1500,0.9962,0.9962
-19.0500,4.1000,0.9657,0.9657
-19.0000,4.1000,0.9823,0.9823
-18.9500,4.0500,0.9487,0.9487
-18.9000,4.0500,0.9657,0.9657
-18.8500,4.0500,0.9849,0.9849
-18.8000,4.0000,0.9500,0.9500
-18.7500,4.0000,0.9500,0.9500
-18.7000,4.0000,0.9513,0.9513
-18.6500,3.9500,0.9055,0.9055
-18.6000,3.9500,0.9124,0.9124
-18.5500,3.9000,0.8732,0.8732
-18.5000,3.9000,0.8860,0.8860
-18.4500,3.9000,0.9014,0.9014
-18.4000,3.9000,0.9192,0.9192
-18.3500,3.9000,0.9394,0.9394
-18.3000,3.9000,0.9341,0.9341
-18.2500,3.8500,0.9341,0.9341
-18.2000,3.8500,0.9487,0.9487
-18.1500,3.8500,0.9341,0.9341
-18.1000,3.8000,0.9341,0.9341
-18.0500,3.8000,0.9487,0.9487
-18.0000,3.8000,0.9341,0.9341
-17.9500,3.7500,0.9220,0.9220
-17.9000,3.7500,0.9341,0.9341
-17.8500,3.7500,0.9341,0.9341
-17.8000,3.7000,0.9192,0.9192
-17.7500,3.7000,0.9394,0.9394
-17.7000,3.6500,0.9179,0.9179
-17.6500,3.6500,0.9341,0.9341
-17.6000,3.6500,0.9394,0.9394
-17.5500,3.6000,0.9192,0.9192
-17.5000,3.6000,0.9341,0.9341
-17.4500,3.6000,0.9341,0.9341
-17.4000,3.5500,0.9124,0.9124
-17.3500,3.5500,0.9220,0.9220
-17.3000,3.5500,0.9341,0.9341
-17.2500,3.5000,0.9014,0.9014
-17.2000,3.5000,0.9192,0.9192
-17.1500,3.5000,0.9341,0.9341
-17.1000,3.4500,0.9179,0.9179
-17.0500,3.4500,0.9341,0.9341
-17.0000,3.4500,0.9341,0.9341
-16.9500,3.4000,0.9192,0.9192
-16.9000,3.4000,0.9341,0.9341
-16.8500,3.4000,0.9341,0.9341
-16.8000,3.3500,0.9192,0.9192
-16.7500,3.3500,0.9341,0.9341
-16.7000,3.3500,0.9341,0.9341
-16.6500,3.3000,0.9192,0.9192
-16.6000,3.3000,0.9341,0.9341
-16.5500,3.3000,0.9341,0.9341
-16.5000,3.2500,0.9192,0.9192
-16.4500,3.2500,0.9341,0.9341
-16.4000,3.2500,0.9341,0.9341
-16.3500,3.2000,0.9192,0.9192
-16.3000,3.2000,0.9341,0.9341
-16.2500,3.2000,0.9341,0.9341
-16.2000,3.1500,0.9192,0.9192
-16.1500,3.1500,0.9341,0.9341
-16.1000,3.1500,0.9341,0.9341
-16.0500,3.1000,0.9192,0.9192
-16.0000,3.1000,0.9394,0.9394
-15.9500,3.1000,0.9341,0.9341
-15.9000,3.0500,0.9341,0.9341
-15.8500,3.0500,0.9487,0.9487
-15.8000,3.0500,0.9341,0.9341
-15.7500,3.0000,0.9220,0.9220
-15.7000,3.0000,0.9341,0.9341
-15.6500,2.9500,0.9014,0.9014
-15.6000,2.9500,0.9192,0.9192
-15.5500,2.9500,0.9394,0.9394
-15.5000,2.9500,0.9192,0.9192
-15.4500,2.9000,0.9394,0.9394
-15.4000,2.9000,0.9341,0.9341
-15.3500,2.9000,0.9220,0.9220
-15.3000,2.8500,0.9618,0.9618
-15.2500,2.8500,0.9487,0.9487
-15.2000,2.8000,0.9823,0.9823
-15.1500,2.8000,0.9618,0.9618
-15.1000,2.8000,0.9394,0.9394
-15.0500,2.7500,0.9657,0.9657
-15.0000,2.7000,0.9487,0.9487
-14.9500,2.7000,0.9657,0.9657
-14.9000,2.7000,0.9708,0.9708
-14.8500,2.6500,0.9487,0.9487
-14.8000,2.6500,0.9618,0.9618
-14.7500,2.6500,0.9708,0.9708
-14.7000,2.6000,0.9341,0.9341
-14.6500,2.6000,0.9487,0.9487
-14.6000,2.6000,0.9657,0.9657
-14.5500,2.6000,0.9657,0.9657
-14.5000,2.6000,0.9487,0.9487
-14.4500,2.6000,0.9341,0.9341
-14.4000,2.6000,0.9220,0.9220
-14.3500,2.5500,0.9618,0.9618
-14.3000,2.5500,0.9552,0.9552
-14.2500,2.5000,0.9341,0.9341
-14.2000,2.5000,0.9487,0.9487
-14.1500,2.4500,0.9192,0.9192
-14.1000,2.4500,0.9341,0.9341
-14.0500,2.4500,0.9487,0.9487
-14.0000,2.4500,0.9657,0.9657
-13.9500,2.4500,0.9657,0.9657
-13.9000,2.4000,0.9487,0.9487
-13.8500,2.4000,0.9657,0.9657
-13.8000,2.3500,0.9341,0.9341
-13.7500,2.3500,0.9487,0.9487
-13.7000,2.3500,0.9618,0.9618
-13.6500,2.3500,0.9394,0.9394
-13.6000,2.3000,0.9487,0.9487
-13.5500,2.3000,0.9487,0.9487
-13.5000,2.2500,0.9394,0.9394
-13.4500,2.2500,0.9618,0.9618
-13.4000,2.2500,0.9618,0.9618
-13.3500,2.2000,0.9487,0.9487
-13.3000,2.2000,0.9552,0.9552
-13.2500,2.1500,0.9124,0.9124
-13.2000,2.1500,0.9220,0.9220
-13.1500,2.1500,0.9341,0.9341
-13.1000,2.1000,0.9014,0.9014
-13.0500,2.1000,0.9192,0.9192
-13.0000,2.1000,0.9341,0.9341
-12.9500,2.0500,0.9014,0.9014
-12.9000,2.0500,0.9192,0.9192
-12.8500,2.0500,0.9341,0.9341
-12.8000,2.0500,0.9192,0.9192
-12.7500,2.0000,0.9192,0.9192
-12.7000,2.0000,0.9341,0.9341
-12.6500,1.9500,0.9014,0.9014
-12.6000,1.9500,0.9192,0.9192
-12.5500,1.9500,0.9394,0.9394
-12.5000,1.9500,0.9192,0.9192
-12.4500,1.9000,0.9394,0.9394
-12.4000,1.9000,0.9341,0.9341
-12.3500,1.9000,0.9220,0.9220
-12.3000,1.8500,0.9487,0.9487
-12.2500,1.8500,0.9487,0.9487
-12.2000,1.8000,0.9341,0.9341
-12.1500,1.8000,0.9487,0.9487
-12.1000,1.8000,0.9394,0.9394
-12.0500,1.7500,0.9220,0.9220
-12.0000,1.7500,0.9341,0.9341
-11.9500,1.7500,0.9341,0.9341
-11.9000,1.7000,0.9192,0.9192
-11.8500,1.7000,0.9394,0.9394
-11.8000,1.7000,0.9341,0.9341
-11.7500,1.6500,0.9341,0.9341
-11.7000,1.6500,0.9487,0.9487
-11.6500,1.6500,0.9341,0.9341
-11.6000,1.6000,0.9220,0.9220
-11.5500,1.6000,0.9341,0.9341
-11.5000,1.6000,0.9341,0.9341
-11.4500,1.5500,0.9192,0.9192
-11.4000,1.5500,0.9341,0.9341
-11.3500,1.5500,0.9341,0.9341
-11.3000,1.5000,0.9192,0.9192
-11.2500,1.5000,0.9341,0.9341
-11.2000,1.5000,0.9341,0.9341
-11.1500,1.4500,0.9192,0.9192
-11.1000,1.4500,0.9341,0.9341
-11.0500,1.4500,0.9341,0.9341
-11.0000,1.4000,0.9192,0.9192
-10.9500,1.4000,0.9341,0.9341
-10.9000,1.4000,0.9341,0.9341
-10.8500,1.3500,0.9192,0.9192
-10.8000,1.3500,0.9394,0.9394
-10.7500,1.3500,0.9341,0.9341
-10.7000,1.3000,0.9341,0.9341
-10.6500,1.3000,0.9487,0.9487
-10.6000,1.3000,0.9341,0.9341
